tree
version=v4
num_class=1
num_tree_per_iteration=1
label_index=0
max_feature_idx=10
objective=binary sigmoid:1
feature_names=type log_amount hour_of_day empties_orig_account orig_balance_zero dest_balance_zero old_balance_dest dest_txn_count_24h dest_amount_sum_24h dest_prior_txn_count hours_since_prev_dest_txn
feature_infos=-1:0:1 [1.3217558399823195:17.750115445958627] [0:23] [0:1] [0:1] [0:1] [0:273268745.19999999] [0:83] [0:123552121.84999999] [0:106] [1:427]
tree_sizes=3393 3525 3441 3360 3410 3464 3427 3457 3475 3412 3451 3467 3428 3483 3496 3477 3485 3484 3482 3496 3512 3433 3495 3482 3484 3476 3479 3442 3497 3484 3504 3475 3482 3503 3489 3486 3465 3466 3437 3494 3474 3499 3460 3496 3482 3493 3485 3485 3433

Tree=0
num_leaves=31
num_cat=3
split_feature=1 0 6 9 5 0 1 9 1 3 1 1 1 1 6 1 1 3 3 1 0 1 1 1 7 1 1 1 1 1
split_gain=10044.9 199025 19723.7 10654.8 5912.83 24247.8 40622.6 18037.6 10022.4 11805.5 16370.5 3797.17 2192.48 1710.48 1707.37 831.958 767.353 692.272 512.091 509.467 7951 73855.2 5895.89 1744.57 426.63 412.019 433.177 254.744 244.975 193.053
threshold=14.510441449307644 0 1.0000000180025095e-35 1.0000000180025095e-35 1.0000000180025095e-35 1 13.745606063811632 1.0000000180025095e-35 12.097249530541101 1.0000000180025095e-35 10.043864956150427 15.402690112946253 9.1701124705576369 10.857820900031909 1361454.0750000002 14.910553791267974 13.472774303176271 1.0000000180025095e-35 1.0000000180025095e-35 13.278762481912418 2 13.806965179278382 13.687448938718529 13.575949301614788 1.0000000180025095e-35 12.817716981034911 14.171092201576798 9.9865238503507836 11.702714652804938 12.051868055915326
decision_type=2 1 2 2 2 1 2 2 2 2 2 2 2 2 2 2 2 2 2 2 1 2 2 2 2 2 2 2 2 2
left_child=4 2 3 11 17 6 16 8 9 -7 12 15 -11 -12 -3 -2 -6 -1 -10 27 -21 22 23 -22 -25 -20 -27 -19 -15 -30
right_child=1 14 -4 -5 5 7 -8 -9 18 10 13 -13 -14 28 -16 -17 -18 19 25 20 21 -23 -24 24 -26 26 -28 -29 29 -31
leaf_value=-6.2490311693549518 -3.8051122798111496 18.47082313741921 -6.2493978003010184 -6.2493978003010184 -6.2097921260156435 -6.2493978003010184 14.784474401092506 -6.2493978003010184 -6.2024011825486989 8.3036354936793337 -1.6281102066025754 -0.51501962604620921 2.5423125750387916 -3.2834739867260452 13.279576740497866 -2.3444178444798314 -4.7983156488205854 -6.0596655035958209 -4.8204009686793956 -6.2493978003010184 -5.8738373876752892 16.649333173587085 2.4360852318708845 -1.5505128286682819 -4.2106166920354378 -5.2538197521938681 -4.7206621948991723 -6.2168894684617877 -3.9976869809411824 -2.9029923458498148
leaf_weight=2318.4076921488158 2.8842784473672491 0.73017147229984303 58.296404915861785 2.8316899202764034 493.61614163126796 3.0177724007517073 0.23058046493679185 31.826172068249434 1.0639063557609905 0.25080682151019651 1.3632564330473522 1.6828328669071195 0.48340992210432887 3.9785243379883468 0.20226356573402882 1.4724787585437296 0.96479720855131645 26.352919979486614 10.531863867770879 105.72114317351952 11.98209363408386 0.38430077489465553 0.22451255796477276 0.24473891453817564 0.3923913175240159 27.772810210939497 4.4154136399738482 1152.0123649947345 3.0865420131012802 0.46318356553092588
leaf_count=1146231 1426 361 28822 1400 244046 1492 114 15735 526 124 674 832 239 1967 100 728 477 13029 5207 52269 5924 190 111 121 194 13731 2183 569560 1526 229
internal_value=-6.19907 -5.59668 -5.91516 -3.71876 -6.20884 -6.06108 -6.19726 -5.2976 -4.76076 -3.52072 -2.66525 -2.53226 4.51037 -3.25778 17.3447 -3.31143 -6.20704 -6.23267 -5.11885 -6.20342 -6.1048 -4.94913 -5.59538 -5.73827 -3.1888 -5.09186 -5.18068 -6.21337 -3.55289 -3.85485
internal_weight=4266.89 68.1001 67.1677 8.87128 4198.79 583.065 494.812 88.2537 56.4275 12.6435 9.62572 6.03959 0.734217 8.89151 0.932435 4.35676 494.581 3615.72 43.784 1297.31 118.949 13.228 12.8437 12.6192 0.63713 42.7201 32.1882 1178.37 7.52825 3.54973
internal_count=2109568 33669 33208 4386 2075899 288270 244637 43633 27898 6251 4759 2986 363 4396 461 2154 244523 1787629 21647 641398 58809 6540 6350 6239 315 21121 15914 582589 3722 1755
cat_boundaries=0 1 2 3
cat_threshold=2 1 2
is_linear=0
shrinkage=1


Tree=1
num_leaves=31
num_cat=2
split_feature=5 0 3 9 0 10 3 4 10 10 10 10 10 10 6 10 10 10 10 10 10 6 10 7 9 8 8 10 7 6
split_gain=1977.53 759.845 390.843 210.948 142.264 103.456 57.2932 44.2553 40.1851 57.262 42.9395 35.2769 30.2302 28.5415 30.305 24.9878 29.0402 29.6067 23.0464 21.9884 21.499 19.2622 18.8297 30.753 190.079 17.8437 32.4912 17.8135 16.4951 23.5466
threshold=1.0000000180025095e-35 0 1.0000000180025095e-35 1.0000000180025095e-35 1 5.5000000000000009 1.0000000180025095e-35 1.0000000180025095e-35 53.500000000000007 14.500000000000002 65.500000000000014 257.50000000000006 102.50000000000001 8.5000000000000018 118218.90500000001 27.500000000000004 37.500000000000007 31.500000000000004 4.5000000000000009 85.500000000000014 75.500000000000014 113633.18500000001 12.500000000000002 2.5000000000000004 3.5000000000000004 104689.59500000002 228762.20000000001 10.500000000000002 1.5000000000000002 74339.340000000011
decision_type=2 1 2 2 1 10 2 2 10 8 10 10 8 8 2 10 10 10 8 10 8 2 10 2 2 2 2 10 2 2
left_child=2 6 -1 -3 5 21 7 -2 9 13 -10 18 19 -7 25 -11 17 -17 -8 20 -12 -4 23 27 -25 -15 28 -16 -27 -30
right_child=1 3 4 -5 -6 8 11 -9 10 15 12 -13 -14 14 22 16 -18 -19 -20 -21 -22 -23 -24 24 -26 26 -28 -29 29 -31
leaf_value=-0.050141299747713614 -0.050100570574627204 0.079422232539368989 -0.0079804392193874082 -0.050096581381498244 -0.049898179581578397 0.006579397990269617 -0.041161790610689704 0.20075136147231595 0.096861428825856702 -0.020110330352476585 0.004040595838780056 0.48407717564840447 0.064925655597827855 0.081472257425442104 0.0085886291222239952 0.0082084877796337226 -0.0094328177511833217 0.090019165020443132 0.0021316139470273087 -0.025010885779211053 0.08243991635687864 -0.031681404715029511 0.0069908310622147475 1.2473392113275734 0.09629830603282348 0.27698214095635126 0.1002525089308749 0.1094120190482105 0.85929850003370523 0.19491039901559407
leaf_weight=2237.8349437138413 88.497136773308739 628.16890866559697 113.57830245625564 33.093907061498612 249.81630740081891 56.11921971674974 33.54502407894649 1.7938472069799889 20.48864112857099 237.29336331695617 29.059747066770921 0.37440253837246373 25.661972271147405 3.4201571919677916 12.910758913025377 30.119045647321741 97.06408712880868 17.475251050123589 367.57096322480089 37.941336891661848 12.50841680302223 349.58733339112996 19.672219356203037 0.38537419863258726 5.1754569923513696 0.76430282089859269 1.6626877473879664 6.6310078096910905 0.38486911891959608 0.20407251780852675
leaf_count=1162610 44204 30816 54563 17199 127596 27876 16591 884 9583 116716 14023 185 12112 1713 6423 14966 47174 8303 182668 17820 5827 171650 9662 193 2519 374 824 3286 191 102
internal_value=-0.0189835 0.037937 -0.0373896 0.0729403 -0.0159003 -0.0080224 -0.00912937 -0.0451168 0.00541971 -0.00105774 0.0306409 -0.00103617 0.0177404 0.0312099 0.0582011 -0.0101251 0.0062544 0.038247 -0.00148898 0.00251121 0.027632 -0.0258694 0.0436183 0.0723223 0.176067 0.159651 0.248308 0.0428005 0.430219 0.629083
internal_weight=4718.8 1153.04 3565.76 661.263 1327.92 1078.11 491.781 90.291 614.942 489.282 125.66 401.49 105.171 107.33 51.2109 381.952 144.658 47.5943 401.116 79.5095 41.5682 463.166 44.7748 25.1026 5.56083 6.43609 3.01593 19.5418 1.35324 0.588942
internal_count=2108653 292547 1816106 48015 653496 525900 244532 45088 299687 240322 59365 199444 49782 53163 25287 187159 70443 23269 199259 37670 19850 226213 22083 12421 2712 3204 1491 9709 667 293
cat_boundaries=0 1 2
cat_threshold=1 1
is_linear=0
shrinkage=0.05


Tree=2
num_leaves=31
num_cat=4
split_feature=5 1 0 0 1 1 9 1 1 1 3 1 1 1 1 1 1 0 3 1 1 3 1 1 0 1 7 1 10 1
split_gain=1857.75 884.497 1569.19 940.068 1548.27 1233.91 820.807 813.206 1736.25 791.253 390.398 339.739 280.84 251.88 192.473 236.638 170.635 394.536 154.712 135.197 119.988 119.224 136.921 107.091 92.5786 243.968 88.1945 81.9164 70.4089 64.4232
threshold=1.0000000180025095e-35 10.043864956150427 0 1 14.910553791267974 11.725075205188753 1.0000000180025095e-35 9.2992866824784013 9.1701124705576369 13.687448938718529 1.0000000180025095e-35 8.3220829927205315 8.3220829927205315 13.031580402317894 12.14260816070999 14.510441449307644 13.687448938718529 2 1.0000000180025095e-35 10.857820900031909 10.043864956150427 1.0000000180025095e-35 15.402690112946253 9.1701124705576369 3 13.162592005416499 3.5000000000000004 13.347730750185351 59.500000000000007 13.575949301614788
decision_type=2 2 1 1 2 2 2 2 2 2 2 2 2 2 2 2 2 1 2 2 2 2 2 2 1 2 2 2 10 2
left_child=10 2 18 9 5 19 14 8 11 13 -1 -4 26 -3 -7 -16 20 -18 -2 -5 -14 -6 -23 28 25 -22 -12 -15 -20 -27
right_child=1 3 7 4 21 6 -8 -9 -10 -11 12 -13 16 27 15 -17 17 -19 23 -21 24 22 -24 -25 -26 29 -28 -29 -30 -31
leaf_value=-0.050091889180263416 -0.045808749028624175 -0.017792065487657348 -2.0930674541104697 0.0026473822488376729 0.11887050753260511 0.15007443693973746 -0.050091863429426002 -0.42917903061821899 -0.35662193869001313 -3.0122840232091748 0.42065685034517647 -4.1152949114396007 0.086472400387142032 0.1005742375493977 0.29816068485259523 0.14965174512998156 -0.050091880241068323 -0.41814583594058574 0.37161970438388048 0.090309506018976318 -0.014176561631704655 0.040278104654381044 -0.045861416503490758 0.093058437372922659 -0.049777961659848123 0.14556216375233696 1.4389401493819078 0.32480102246295783 1.2143130656274721 0.029908847754592762
leaf_weight=2130.2455184669188 23.326317184604477 430.23665556113701 0.36654171555710768 99.075068211066537 15.678821124951353 41.422465665265918 26.062675126595423 14.468629881157538 1.3668145848205313 0.21945446189709983 2.2303739273920651 0.4792595205217367 30.383534196298569 17.25572804780683 141.3131221011281 33.108203759416938 77.02807099185884 8.0413222894403571 2.3712411659071218 79.095946089597419 984.05157957808115 62.358880255604163 177.28584879892878 8.0330338025232759 158.12894620373845 29.895154648227617 0.23504861141555 5.3317593149840823 0.27680813055485476 20.161818344146013
leaf_count=1163401 12232 216460 230 1599 70 2097 14238 637 73 270 967 309 13373 8636 21436 1441 42072 598 1186 3853 498633 1086 1043 4017 84303 12778 104 1321 138 313
internal_value=-0.0183203 0.0358408 -0.168484 0.0450189 0.0823954 0.141415 0.214958 -0.565699 -1.45842 -0.0107023 -0.036883 -3.23893 -0.0154061 -0.00924764 0.246962 0.269971 -0.0164112 -0.0848828 0.0263567 0.0415635 -0.011647 -0.0147074 -0.0234467 0.183958 -0.0141475 -0.00869913 0.517738 0.153503 0.459709 0.0989796
internal_weight=4619.53 1179.13 50.6886 1128.44 675.401 420.077 241.906 16.6812 2.21262 453.044 3440.4 0.845801 1310.16 452.824 215.844 174.421 1307.69 85.0694 34.0074 178.171 1222.62 255.324 239.645 10.6811 1192.24 1034.11 2.46542 22.5875 2.64805 50.057
internal_count=2108914 292372 18822 273550 46863 44664 39212 1249 612 226687 1816542 539 653141 226417 24974 22877 652070 42670 17573 5452 609400 2199 2129 5341 596027 511724 1071 9957 1324 13091
cat_boundaries=0 1 2 3 4
cat_threshold=1 1 2 1
is_linear=0
shrinkage=0.05


Tree=3
num_leaves=31
num_cat=2
split_feature=2 3 0 2 2 1 2 10 2 6 1 1 5 1 2 1 2 10 2 1 6 1 0 1 1 1 2 1 1 1
split_gain=12215.1 7262.25 4636.13 4612.37 6604.43 15472.4 16586.7 16801.7 5753.72 2687.2 1645.76 4461.54 4452.99 3605.89 3529.81 1947.2 1643.55 1298.43 988.053 685.113 601.709 650.791 1128.8 816.735 1354.35 441.537 424.96 1006.89 474.722 704.204
threshold=8.5000000000000018 1.0000000180025095e-35 0 1.0000000180025095e-35 7.5000000000000009 13.575949301614788 2.5000000000000004 6.5000000000000009 6.5000000000000009 131586.41500000004 11.680694563180815 14.910553791267974 1.0000000180025095e-35 12.805180373566456 7.5000000000000009 14.510441449307644 1.5000000000000002 8.5000000000000018 1.5000000000000002 12.464549305258176 1.0000000180025095e-35 10.043864956150427 1 9.2992866824784013 9.0127932849894687 11.777964495209938 20.500000000000004 12.678050636937952 15.402690112946253 13.575949301614788
decision_type=2 2 1 2 2 2 2 10 2 2 2 2 2 2 2 2 2 10 2 2 2 2 1 2 2 2 2 2 2 2
left_child=1 -1 3 -3 5 6 9 8 -8 25 -4 12 -12 18 15 16 -15 -6 -14 -9 21 22 -2 24 -24 -5 -23 -28 29 -29
right_child=20 2 10 4 17 -7 7 19 -10 -11 11 -13 13 14 -16 -17 -18 -19 -20 -21 -22 26 23 -25 -26 -27 27 28 -30 -31
leaf_value=-0.021849661397109674 0.00029869210679623167 0.39538890597707305 0.25466477449778741 4.6095905088189246 0.25736113554001 0.34146696561617895 10.670785739193384 17.706836030595422 1.3937907394968421 1.6212368585143526 -0.050089224048785297 0.22523687184022134 0.46723430773561242 2.8008932418391339 0.83636627921894735 1.8365851351274352 5.2774072485383101 2.4502042828644952 1.6802728955591548 14.239825413514005 -0.041880619997328956 -0.0007329193239635429 -3.106952026492193 -0.35331487872104672 -0.52081203213985705 7.6837528924584264 0.033236567591020789 0.42144066863755791 0.12725410307489063 1.3661034075464054
leaf_weight=40.277105257322063 35.709318117471639 5.1723271798066 20.417317240393459 0.26825770852155884 3.2524394310075309 2.4456900050632284 0.26583562628366031 0.34071147337090224 0.45017320080660284 1.4658886238466946 3.9410706829512501 15.541454620193692 3.1833718830021098 1.0872302504722036 1.5784039617283268 1.0858140457421539 1.7455444528022779 0.85187027031845719 3.5515206747222692 0.24492524354718626 3272.2183670346071 1063.8244048087731 0.74572866782000624 17.496378329116851 1.5764840113643004 0.2068818521220237 65.034278381383103 6.5703817449975741 5.7197588545194114 2.8193371728046799
leaf_count=19759 17674 2222 838 128 1662 235 125 151 232 718 2217 137 285 171 202 41 219 210 228 79 1789671 257249 419 590 140 96 11916 1335 34 199
internal_value=-0.0181216 0.508886 0.827478 1.60321 2.24116 3.34413 5.60879 9.97563 4.8381 2.6804 0.604796 0.830206 1.41155 1.88249 2.83273 3.63686 4.32691 0.712497 1.10691 16.2569 -0.030776 -0.000482574 -0.167647 -0.470252 -1.3513 5.94812 0.00763152 0.118661 0.486343 0.705083
internal_weight=4579.09 107.374 67.0967 14.965 9.79267 5.68836 3.24267 1.30165 0.716009 1.94103 52.1317 31.7144 16.173 12.2319 5.49699 3.91859 2.83277 4.10431 6.73489 0.585637 4471.71 1199.5 55.5279 19.8186 2.32221 0.47514 1143.97 80.1438 15.1095 9.38972
internal_count=2109182 29955 10196 5858 3636 1764 1529 587 357 942 4338 3500 3363 1146 633 431 390 1872 513 230 2079227 289556 18823 1149 559 224 270733 13484 1568 1534
cat_boundaries=0 1 2
cat_threshold=1 1
is_linear=0
shrinkage=0.05


Tree=4
num_leaves=31
num_cat=5
split_feature=2 10 3 2 1 0 1 1 10 2 2 10 10 1 1 0 1 0 2 2 1 3 2 0 2 2 1 0 3 1
split_gain=1335.64 597.159 558.671 407.533 523.665 294.766 268.48 258.103 241.937 343.261 1784.45 164.76 150.992 343.529 315.629 422.882 629.396 303.277 147.152 230.309 1245.81 2131.57 146.135 127.598 124.648 157.238 123.087 114.084 113.64 111.027
threshold=8.5000000000000018 112.50000000000001 1.0000000180025095e-35 20.500000000000004 12.646486502365432 0 12.805180373566456 10.882009708725096 2.5000000000000004 6.5000000000000009 2.5000000000000004 49.500000000000007 117.50000000000001 10.043864956150427 15.402690112946253 1 13.745606063811632 2 7.5000000000000009 2.5000000000000004 12.538513517101075 1.0000000180025095e-35 1.0000000180025095e-35 3 1.0000000180025095e-35 6.5000000000000009 13.278762481912418 4 1.0000000180025095e-35 13.427080353102495
decision_type=2 8 2 2 2 1 2 2 8 2 2 8 8 2 2 1 2 1 2 2 2 2 2 1 2 2 2 1 2 2
left_child=1 8 -2 12 -5 24 7 -7 9 10 -1 23 -4 17 15 16 -15 -14 19 -10 21 -21 -9 26 -3 -26 -6 -13 -27 -22
right_child=2 5 3 4 11 6 -8 22 18 -11 -12 27 13 14 -16 -17 -18 -19 -20 20 29 -23 -24 -25 25 28 -28 -29 -30 -31
leaf_value=-0.0078996118835451944 -0.04897976144051136 0.41849544107063474 -0.031193122824056032 0.013180338799109887 0.18554253770162746 0.093884770859352318 0.12744595192579472 0.11916291195903356 0.017046098240583035 -0.0392321800085298 -2.4424795061579809 0.62884544163181177 0.066513918914935966 -0.024555481770232288 -0.061798155870884358 0.046141988255886834 -2.7277282239537159 -0.23139341772018091 0.26377630903412519 0.087270285181210216 -0.37792361266989261 -5.7751171917742807 0.40929523261909317 -0.050092751281367698 -0.088745183194477384 -0.036078829079352268 0.98207854459247723 0.25998431545753797 0.34564340284243494 0.21001201597333374
leaf_weight=3.0548889907016559 2011.6930231167221 1.7240104101417504 1161.0766694345589 127.73429692120156 3.819358265493074 13.203040954118476 91.861701910267584 5.2530379175441366 51.898750254214477 7.6974331828969298 0.99872028288530135 2.2913798469877165 12.002496933798398 365.59169820713572 165.92210551594144 452.62246268615127 0.2154627770291303 29.641114457768708 5.3138512744053008 0.36401835177093289 1.2518578641247589 0.27011378725319446 24.973735787789337 7.8748370306566358 21.559934015120994 3.569627122487872 0.55554764338346085 24.612831303616989 4.2964524120695344 2.2394476719586116
leaf_count=1063 1191474 708 610204 40830 1968 323 1395 281 15979 3362 278 797 4905 182770 1020 38437 101 354 736 214 185 192 890 4449 772 2086 130 1954 1286 172
internal_value=-0.0233241 0.0916328 -0.0296315 -0.0130965 0.0622166 0.143948 0.175876 0.278315 -0.0275021 -0.235339 -0.607727 0.222191 -0.0188434 -0.00486767 0.00108317 0.0138312 -0.0261477 -0.145531 0.0123149 -0.011536 -0.371104 -2.40986 0.358874 0.070187 0.00527777 -0.0189318 0.286691 0.2914 0.172418 -0.000800768
internal_weight=4605.18 239.531 4365.65 2353.96 166.888 166.442 135.292 43.4298 73.0891 11.751 4.05361 39.154 2187.07 1026 984.352 818.43 365.807 41.6436 61.338 56.0242 4.12544 0.634132 30.2268 12.2497 31.15 29.426 4.37491 26.9042 7.86608 3.49131
internal_count=2109315 29922 2079393 887919 50128 7741 2889 1494 22181 4703 1341 9298 837791 227587 222328 221308 182871 5259 17478 16742 763 406 1171 6547 4852 4144 2098 2751 3372 357
cat_boundaries=0 1 2 3 4 5
cat_threshold=1 1 1 1 1
is_linear=0
shrinkage=0.05


Tree=5
num_leaves=31
num_cat=0
split_feature=5 2 1 2 1 1 3 1 2 2 1 7 6 1 8 1 1 9 1 2 2 9 9 2 2 9 2 1 1 1
split_gain=1302.41 1102.86 317.719 286.33 345.029 201.34 160.426 154.225 137.187 682.577 346.12 223.356 179.734 148.698 147.247 131.538 123.454 104.388 103.043 94.6715 93.8349 86.6641 64.4093 56.3385 53.2345 50.0625 49.9739 177.641 92.1078 65.1533
threshold=1.0000000180025095e-35 8.5000000000000018 10.043864956150427 20.500000000000004 12.2668856731106 15.402690112946253 1.0000000180025095e-35 12.744268498744946 2.5000000000000004 6.5000000000000009 12.915531551073494 3.5000000000000004 131586.41500000004 10.043864956150427 8937.1000000000022 13.687448938718529 7.2317028477503777 1.0000000180025095e-35 13.874745427417059 21.500000000000004 13.500000000000002 1.0000000180025095e-35 1.0000000180025095e-35 13.500000000000002 1.5000000000000002 1.0000000180025095e-35 2.5000000000000004 12.805180373566456 13.278762481912418 14.510441449307644
decision_type=2 2 2 2 2 2 2 2 2 2 2 2 2 2 2 2 2 2 2 2 2 2 2 2 2 2 2 2 2 2
left_child=6 17 22 5 -5 7 -1 25 12 10 11 14 -8 -14 -10 16 -11 26 23 -18 -9 -22 -3 -17 -15 -4 28 -28 -2 -29
right_child=1 2 3 4 -6 -7 8 20 9 15 -12 -13 13 24 -16 18 19 -19 -20 -21 21 -23 -24 -25 -26 -27 27 29 -30 -31
leaf_value=-0.050214757437070927 0.067639320480318538 -0.12295357380372879 0.001783286447876593 0.013197712725824521 0.20358037272552118 -0.05075972972736395 -0.034485927803937964 0.011655344393899085 -1.4432875991464567 0.56477722079238013 0.089998524675095212 -0.41494130910936866 1.034560291197282 0.1244055423617163 -0.6841562611635752 -0.24225741341120977 -0.025536691498270422 -0.017226616264481701 -0.051010173135165093 0.057022176552822081 0.082394748187180067 -0.02667387135022703 -0.0010696963580029198 -0.088603028796231012 0.37359734943201039 -0.03256313464986723 0.26139933173085378 0.083339058125280113 0.19031954408735721 0.19413868456126918
leaf_weight=1854.6120245138075 41.86666477925985 59.501325358984559 440.50535390258301 60.626023730845148 39.176129362653725 168.63837077138737 19.02370330433779 169.20811505458656 1.1416388888134199 0.89427689532749255 2.0195046044419733 3.7505772603631158 0.50690676202066853 13.286231478523669 1.4502342197079086 13.655555647517735 1097.8996138437024 10.443747762216331 53.862911070094484 35.858296688878909 124.24582291207889 21.341290161085539 13.253536151744127 10.593549184092135 2.5554315136276626 139.75230754655786 33.665282521247725 41.878083727686771 24.111053486592311 19.420703818309327
leaf_count=1163991 821 11824 123980 9906 3664 1061 674 27544 134 230 143 62 83 3565 72 3849 587721 744 33247 17970 18852 11416 6969 5126 302 74659 788 406 175 137
internal_value=-0.0228132 0.0170937 0.000615088 0.00695361 0.0879301 -0.000644112 -0.0408692 0.00879825 -0.027075 -0.0298869 -0.480081 -0.661601 0.0699972 0.191577 -1.01853 -0.0267828 -0.0224623 0.135958 -0.0895424 -0.0229255 0.0369768 0.0664066 -0.10075 -0.175131 0.164603 -0.00648889 0.145898 0.169122 0.112472 0.118443
internal_weight=4518.74 1407.63 1236.25 1163.49 99.8022 1063.69 3111.11 895.053 1256.5 1221.13 8.36195 6.34245 35.3723 16.3486 2.59187 1212.76 1134.65 171.386 78.112 1133.76 314.795 145.587 72.7549 24.2491 15.8417 580.258 160.942 94.9641 65.9777 61.2988
internal_count=2110115 292946 289875 271082 13570 257512 1817169 256451 653178 648554 411 268 4624 3950 206 648143 605921 3071 42222 605691 57812 30268 18793 8975 3867 198639 2327 1331 996 543
is_linear=0
shrinkage=0.05


Tree=6
num_leaves=31
num_cat=5
split_feature=5 2 1 0 1 1 1 2 0 9 4 2 2 6 10 2 2 1 1 0 1 0 1 2 2 6 0 1 6 2
split_gain=1219.21 970.931 297.559 287.511 474.725 251.715 235.186 214.346 211.547 168.549 131.339 116.179 307.457 127.557 104.161 102.951 98.8474 92.9996 90.059 227.275 79.4246 136.216 70.8044 69.9932 60.6426 56.5228 55.0488 105.03 146.857 52.226
threshold=1.0000000180025095e-35 8.5000000000000018 10.043864956150427 0 14.910553791267974 10.857820900031909 13.632404236354011 17.500000000000004 1 1.0000000180025095e-35 1.0000000180025095e-35 2.5000000000000004 6.5000000000000009 127037.69500000002 159.50000000000003 21.500000000000004 21.500000000000004 13.031580402317894 13.687448938718529 2 13.092960673457696 3 12.374354818071938 11.500000000000002 8.5000000000000018 9237887.8600000013 4 13.031580402317894 546286.37500000012 21.500000000000004
decision_type=2 2 2 1 2 2 2 2 1 2 2 2 2 2 8 2 2 2 2 1 2 1 2 2 2 2 1 2 2 2
left_child=10 14 8 6 5 -5 29 -6 -3 15 11 13 22 -1 -2 -7 18 -17 24 -20 -15 -22 -13 -8 25 -14 27 -18 -29 -4
right_child=1 2 3 4 7 9 23 -9 -10 -11 -12 12 16 20 -16 17 26 -19 19 -21 21 -23 -24 -25 -26 -27 -28 28 -30 -31
leaf_value=-0.037310544779660296 -0.032201798889572419 -0.0018607511590188388 -0.026721303003387809 -0.019396330132090772 -0.045349845042839336 0.071399825491672411 -0.52051653926851127 0.13612378434250441 -0.17389730893343733 -0.050093661194231913 -0.05017465042609684 -0.34425251758510711 0.097002477938487694 0.1045034779157076 0.1359370124457556 0.11512865359706013 0.052679245697758448 0.31291054555181896 -0.049275337205031411 -0.29865358222020888 0.7269430720316683 -0.050099803247415246 -0.098573797188351742 -1.7771089840764689 -0.029861452476372174 -0.43423035964137818 -0.050091258315593461 0.99826168364900936 0.10535185740464791 0.095466805660957138
leaf_weight=20.025835822522474 9.7545082785795714 32.13117385411158 425.58156737394165 96.134756443207152 222.44540834357031 349.50004271301441 0.21261370391144119 17.555659876437858 40.258120752268837 27.028734652674757 1521.3308686043656 9.4055759815139108 13.00759437463125 19.016180031467233 165.34340709716116 22.786931996699426 32.59326218196653 8.0409172042272967 62.401033160509542 10.703512529276848 1.3962304432660693 0.94621225213631999 4.2613988508824496 0.23145395001583502 1290.6414261923637 0.52076534193474877 11.980885079130529 0.71833156034831258 1.2828827307954189 8.9286481780000013
leaf_count=898 711 17481 221523 1530 1955 25145 61 92 1133 15335 1003737 273 2930 4179 2322 1027 16544 230 40998 393 147 480 191 167 738795 94 6709 73 291 3908
internal_value=-0.0217689 0.0162959 0.000859223 0.00690342 0.0257931 0.0533775 -0.0253859 -0.0320754 -0.0975361 0.0705519 -0.0398602 -0.0292497 -0.0316276 0.0533451 0.12657 0.0791258 -0.0293621 0.166717 -0.0317847 -0.0857877 0.138344 0.413062 -0.267649 -1.17547 -0.0287576 0.076553 0.0422775 0.0742669 0.42586 -0.0242105
internal_weight=4426.17 1425.93 1250.84 1178.45 743.492 503.491 434.954 240.001 72.3893 407.357 3000.23 1478.9 1437.52 41.3845 175.098 380.328 1423.85 30.8278 1377.27 73.1045 21.3586 2.34244 13.667 0.444068 1304.17 13.5284 46.5754 34.5945 2.00121 434.51
internal_count=2109352 292620 289587 270973 45314 43267 225659 2047 18614 41737 1816732 812995 807291 5704 3033 26402 806827 1257 783210 41391 4806 627 464 228 741819 3024 23617 16908 364 225431
cat_boundaries=0 1 2 3 4 5
cat_threshold=1 1 2 1 1
is_linear=0
shrinkage=0.05


Tree=7
num_leaves=31
num_cat=0
split_feature=5 2 1 2 3 1 1 2 2 2 6 1 1 1 1 10 10 10 1 9 2 10 1 10 1 2 2 6 10 1
split_gain=1185.73 859.119 272.514 206.834 175.93 166.787 151.236 120.156 117.304 273.378 147.513 115.841 92.748 82.3943 74.8963 72.5439 64.8982 62.927 62.6594 56.3191 55.4067 54.508 67.8338 48.4627 45.0267 41.8311 77.7095 117.826 46.1347 41.3822
threshold=1.0000000180025095e-35 8.5000000000000018 10.043864956150427 21.500000000000004 1.0000000180025095e-35 15.402690112946253 12.744268498744946 19.500000000000004 2.5000000000000004 6.5000000000000009 131586.41500000004 13.687448938718529 12.930207485668292 14.090781772065448 9.9865238503507836 94.500000000000014 158.50000000000003 72.500000000000014 13.874745427417059 1.0000000180025095e-35 22.500000000000004 178.50000000000003 14.910553791267974 inf 9.0127932849894687 8.5000000000000018 7.5000000000000009 425243.41000000009 9.5000000000000018 10.57279455083342
decision_type=2 2 2 2 2 2 2 2 2 2 2 2 2 2 2 10 8 10 2 2 2 8 2 8 2 2 2 2 10 2
left_child=4 16 19 5 -1 6 23 21 10 -10 -6 14 -5 -9 15 -11 -2 29 -13 -3 25 -8 -23 -4 -17 26 27 -16 -28 -12
right_child=1 2 3 12 8 -7 7 13 9 11 17 18 -14 -15 20 24 -18 -19 -20 -21 -22 22 -24 -25 -26 -27 28 -29 -30 -31
leaf_value=-0.050102281050922341 -0.0029459450455470095 -0.11070238646602348 -0.03144979033689229 0.057780353044676651 -0.040599024690896844 -0.044383713120436791 -0.028774583289300201 0.096022717668013013 -0.23816983674953446 0.039472480434766977 0.34439437064960354 -0.14835548307441124 0.19387023872957496 0.32172878514103864 0.09431005661580795 0.96794973437161491 0.12215743304283891 0.43471634582399832 -0.05212419027517922 0.0028797453630429169 0.074083863873037267 0.048009221465770816 -0.012015997259143927 0.002376598630865495 0.26156731941437228 -0.025871245549164531 0.020855548846010843 -0.56597226724034133 0.23524989301820037 0.098900593953061583
leaf_weight=1683.3008620677037 11.004263054437414 62.794306969433819 136.80552136537119 46.653197080711855 20.080837107426262 166.90627570474271 37.50890958854788 20.433505709625958 15.278379203738039 30.131939351118721 1.8962352150119901 25.897815296108746 17.111701475721681 5.04095191614116 1.7088873490561103 0.29465925646945723 178.88581491497527 1.7511679730232064 48.773512959230885 13.209657811290525 14.380384477321057 223.49912748615543 59.623489291739588 468.49074832058989 0.96249764490539746 1020.1911880943226 4.9269474470056593 1.1174675702777674 5.113449920900166 18.121896077649446
leaf_count=1163835 747 11549 77171 5620 702 1074 20460 2673 403 12425 171 8945 456 148 310 96 2330 271 33265 6994 6483 34411 682 127966 400 583978 1585 170 188 3450
internal_value=-0.0211649 0.0157743 0.000811411 0.00671215 -0.0396474 0.00171792 0.00980562 0.0361686 -0.0251105 -0.0280556 0.05714 -0.0252726 0.0943009 0.140686 -0.0211039 0.0549986 0.114908 0.147298 -0.0854995 -0.0909616 -0.0233845 0.0278646 0.0353684 -0.00526864 0.427133 -0.0247413 0.0648495 -0.166748 0.130044 0.122155
internal_weight=4341.9 1447.97 1258.08 1182.07 2893.93 1118.31 951.402 346.106 1210.63 1168.78 41.8501 1153.5 63.7649 25.4745 1078.83 31.3891 189.89 21.7693 74.6713 76.004 1047.44 320.632 283.123 605.296 1.25716 1033.06 12.8668 2.82635 10.0404 20.0181
internal_count=2108958 292281 289204 270661 1816677 264585 263511 58374 652842 648248 4594 647845 6076 2821 605635 12921 3077 3892 42210 18543 592714 55553 35093 205137 496 586231 2253 480 1773 3621
is_linear=0
shrinkage=0.05


Tree=8
num_leaves=31
num_cat=3
split_feature=6 0 1 1 3 1 9 1 0 1 1 1 0 1 1 4 3 1 1 9 8 8 8 1 1 1 8 1 1 1
split_gain=1066.49 301.852 517.494 431.207 189.465 166.238 169.574 106.695 118.282 79.4117 60.9822 50.9656 50.8539 128.219 54.8946 42.4506 25.8806 116.618 28.2187 26.7646 25.3974 25.0465 33.2659 37.8008 26.2708 24.9462 24.2052 24.4501 18.8054 81.875
threshold=1.0000000180025095e-35 0 10.043864956150427 15.402690112946253 1.0000000180025095e-35 10.857820900031909 1.0000000180025095e-35 13.687448938718529 1 8.3220829927205315 14.910553791267974 13.18896346560326 2 12.978914638555173 10.755803868768732 1.0000000180025095e-35 1.0000000180025095e-35 9.1701124705576369 10.699817140828189 2.5000000000000004 308449.50500000006 4196.6650000000009 215292.59000000003 13.472774303176271 13.472774303176271 10.857820900031909 28768.540000000005 8.8151576714642541 12.097249530541101 12.805180373566456
decision_type=2 1 2 2 2 2 2 2 1 2 2 2 1 2 2 2 2 2 2 2 2 2 2 2 2 2 2 2 2 2
left_child=1 11 -3 5 -2 -4 10 9 -9 -6 28 15 13 14 -11 16 -1 19 -19 26 25 -13 23 -23 -24 -17 27 -18 -7 -30
right_child=4 2 3 -5 7 6 -8 8 -10 12 -12 21 -14 -15 -16 20 17 18 -20 -21 -22 22 24 -25 -26 -27 -28 -29 29 -31
leaf_value=-0.050084484856606104 -0.050100291210911599 -0.12804568356727636 -0.0036837619978375086 -0.030177104735094048 0.15695833444741564 0.061364444029776678 -0.051351554394519688 -0.050068766438202419 -0.20834197733496884 0.015036203944653418 0.026204391482622005 0.10498499836967363 -0.049712950390142369 0.040150306846130232 -0.026820762845979996 0.63171277897483236 0.22518074017568324 0.027402425383566732 -0.024431021661934935 -0.050238417891436293 0.64850657348686525 -0.050059481058534118 -0.050122178807151245 -0.63976424712795055 0.43464970503828493 0.058458462875512651 -0.050140319962282791 0.50664735965408181 0.12480779914984351 0.069034821576472824
leaf_weight=73.283194671849287 1599.5006108105329 49.553974456104925 105.51020661105031 187.42381990386639 6.3042858091648659 168.46206243988127 30.388936543930868 57.064641139782907 14.883059711271242 86.77441509919845 71.568574734032154 11.68935981447636 135.4884394855726 89.121034509458696 805.02905046194792 0.21999987016897549 1.8181165179704519 28.36708745372016 353.11911927505571 0.66009526327252377 0.2862814594991504 0.75616893990081668 0.86764067830517866 0.42420008798615072 0.41226609844578377 1.3815859593451021 0.44272720627486695 1.3403713072184471 84.60237985663116 296.12491424218751
leaf_count=44057 1162535 1247 1597 1137 1077 4362 15854 42036 604 41404 733 3557 85258 33071 449585 106 640 14142 179653 169 135 359 406 62 58 621 159 385 5344 17803
internal_value=-0.0207164 0.0137787 0.0294522 0.0377191 -0.0388481 0.0545369 0.0639709 -0.0237828 -0.0828091 -0.0200002 0.0696164 -0.0190033 -0.0209994 -0.0170334 -0.022748 -0.0218727 -0.0228458 -0.0176711 -0.0205767 0.242447 0.214738 0.0744662 -0.0705361 -0.261987 0.106026 0.137203 0.296095 0.344627 0.0752738 0.0814283
internal_weight=4262.87 1468.7 993.635 944.081 2794.17 756.657 651.147 1194.66 71.9477 1122.72 620.758 475.068 1116.41 980.925 891.803 460.919 459.031 385.748 381.486 4.26131 1.88787 14.1496 2.46028 1.18037 1.27991 1.60159 3.60122 3.15849 549.189 380.727
internal_count=2108156 292586 48077 46830 1815570 45693 44096 653035 42640 610395 28242 244509 609318 524060 490989 240067 239205 195148 193795 1353 862 4442 885 421 464 727 1184 1025 27509 23147
cat_boundaries=0 1 2 3
cat_threshold=1 2 1
is_linear=0
shrinkage=0.05


Tree=9
num_leaves=31
num_cat=5
split_feature=6 2 3 1 0 1 1 2 1 1 9 0 1 1 2 0 1 2 0 2 6 1 0 1 1 1 2 6 2 1
split_gain=1017.92 685.302 190.545 176.084 202.149 796.325 319.163 187.076 144.291 106.187 105.154 98.3081 85.4262 73.4584 71.535 96.1855 64.2157 135.39 74.0643 256.135 205.09 72.4794 62.4992 54.3555 54.177 50.0701 49.8271 45.3205 40.4697 54.3584
threshold=4977.0500000000011 8.5000000000000018 1.0000000180025095e-35 10.298470750191994 0 13.745606063811632 14.910553791267974 17.500000000000004 13.632404236354011 10.857820900031909 1.0000000180025095e-35 1 10.043864956150427 13.687448938718529 2.5000000000000004 2 12.978914638555173 8.5000000000000018 3 19.500000000000004 337197.36500000005 13.278762481912418 4 12.805180373566456 11.680694563180815 14.510441449307644 1.0000000180025095e-35 475403.14500000008 21.500000000000004 14.013189955546205
decision_type=2 2 2 2 1 2 2 2 2 2 2 1 2 2 2 1 2 2 1 2 2 2 1 2 2 2 2 2 2 2
left_child=1 14 -2 11 5 8 9 -8 -5 -6 28 -3 -4 16 15 24 -14 21 19 -19 -21 27 -15 -16 -1 -25 -17 -18 -11 -30
right_child=2 3 12 4 6 -7 7 -9 -10 10 -12 -13 13 22 23 26 17 18 -20 20 -22 -23 -24 25 -26 -27 -28 -29 29 -31
leaf_value=0.059306125854281147 -0.050230177525212596 -0.0015597124530728165 0.046242943058211451 -0.021763662693913798 -0.01378198178537339 -2.6458871850409733 -0.0428908222586196 0.12457428416192443 1.0413318484624881 0.050165841293774688 -0.050086159293873417 -0.09907023896539259 -0.0275533009954975 -0.050065344365896131 0.16505393338286001 0.041835430197288428 0.26452019213878353 0.005707238085934447 -0.050073484168695087 1.0617055095852803 0.22042130000905283 0.33616926759854693 -0.16363977706835409 0.06060432313946508 -0.11610837828278103 0.15226382488140178 0.12880586756003273 -0.11436989370561534 0.081223867998689248 0.26008532509903148
leaf_weight=7.9046641043377894 1519.5225947050938 42.230151012772694 42.603914154532958 421.63607135426707 77.500565547612496 0.28912982901112982 210.48997087776661 18.111580954864621 0.31942119302402616 414.98759726458229 25.221543075866066 66.631044354927326 892.62893622320234 53.327901948214276 49.149187159124736 28.457983744832745 1.2796783700177905 78.16287053457927 51.886800780310296 0.92899243335705151 3.2899804430780932 4.6510725681946496 15.673069400996836 39.672574618680144 9.932881578722041 23.859900227678082 39.091112327387236 2.0593223774340004 35.223740354762413 4.8304302206961429
leaf_count=268 1161032 24085 14153 230222 1238 180 2048 92 64 26153 16046 1543 517570 41334 1176 516 160 31301 35515 95 690 389 591 541 293 164 405 304 1180 40
internal_value=-0.0200193 0.0127 -0.0386192 -0.000336573 0.00514938 -0.0227563 0.0201335 -0.0296229 -0.0209589 0.0405264 0.0492902 -0.0612433 -0.0232303 -0.0259116 0.0994143 0.0648956 -0.0225811 0.00861784 -0.00328119 0.0261901 0.405667 0.208574 -0.075863 0.125571 -0.0383739 0.0950275 0.0921658 0.0308405 0.0547983 0.102794
internal_weight=4181.55 1515.54 2666.02 1317.47 1208.61 422.245 786.365 228.602 421.955 557.764 480.263 108.861 1146.49 1103.89 198.068 85.3866 1034.89 142.259 134.269 82.3818 4.21897 7.99007 69.001 112.682 17.8375 63.5325 67.5491 3.339 455.042 40.0542
internal_count=2109388 306254 1803134 302891 277263 230466 46797 2140 230286 44657 43419 25628 642102 627949 3363 1482 586024 68454 67601 32086 785 853 41925 1881 561 705 921 464 27373 1220
cat_boundaries=0 1 2 3 4 5
cat_threshold=1 1 1 1 2
is_linear=0
shrinkage=0.05


Tree=10
num_leaves=31
num_cat=5
split_feature=5 2 2 4 0 2 2 6 2 2 10 2 2 0 10 2 0 0 2 0 6 2 10 10 9 4 2 9 10 10
split_gain=978.373 532.358 136.482 135.494 103.048 92.8896 179.884 88.4735 71.0366 62.1911 53.9151 52.0446 48.6572 46.6006 46.0689 43.3753 47.3626 35.0479 33.3936 31.842 31.4647 28.4824 247.569 42.9976 26.405 24.992 22.7606 22.7403 20.5323 20.2854
threshold=1.0000000180025095e-35 8.5000000000000018 21.500000000000004 1.0000000180025095e-35 0 2.5000000000000004 6.5000000000000009 127037.69500000002 22.500000000000004 8.5000000000000018 403.00000000000006 14.500000000000002 17.500000000000004 1 55.500000000000007 1.5000000000000002 2 3 1.0000000180025095e-35 4 212874.61000000002 7.5000000000000009 33.500000000000007 1.5000000000000002 6.5000000000000009 1.0000000180025095e-35 20.500000000000004 1.0000000180025095e-35 50.500000000000007 8.5000000000000018
decision_type=2 2 2 2 1 2 2 2 2 2 8 2 2 1 10 2 1 1 2 1 2 2 10 10 2 2 2 2 8 10
left_child=3 10 4 5 25 7 -7 -1 9 21 -2 27 -13 14 -9 16 -12 20 -18 26 -10 22 -8 -23 -16 -3 29 -6 -28 -11
right_child=1 2 -4 -5 11 6 8 13 17 19 15 12 -14 -15 24 -17 18 -19 -20 -21 -22 23 -24 -25 -26 -27 28 -29 -30 -31
leaf_value=-0.040862227319921951 -0.01903137382987477 -0.02407766746088804 0.064756978920015529 -0.050062226003245162 0.025092269479279845 -0.18766764626768753 0.12185024368996503 0.10021466472401407 0.24456607856004275 -0.036008260762938553 -0.044913462228293483 -0.017825065271477987 0.014258054704408739 -0.050224916499062466 0.43592951242685701 0.11030956776484387 0.042591659687677128 -0.050084649069646714 0.1244769455788821 -0.04951839200431158 0.067520184483549003 0.00019498738336536981 -1.0600139392660162 0.18101196887146859 0.14940500630382977 0.13801699519428387 -0.011838024325381048 -0.050071980210546076 0.061575928856125284 -0.021841784319445376
leaf_weight=18.667965991460015 11.126412808557868 423.7263064881223 78.370211456048992 1245.1493582687503 314.6373032077687 17.764152662537526 2.8330511599069772 19.508191235423098 3.2862251265249052 482.02504507421224 9.2736820286189356 260.28163898355047 216.45587189690252 4.3036406663013649 1.7451210976292988 131.08723635450357 28.813180573004502 4.5820412861648956 21.924551113716007 181.60184765362646 10.617868485766129 5.9581399738672189 0.52524923769588472 7.3358491230882379 1.4911575136737747 2.3913777512498191 43.380287467228293 10.39512876502897 12.203224785836715 531.14590856552661
leaf_count=888 736 237822 6633 1003469 12921 448 592 2735 1300 304069 325 10310 13607 1697 187 1453 328 2804 200 134165 4584 2324 56 397 159 858 24725 7338 6302 325411
internal_value=-0.0195488 0.0124709 0.000783834 -0.0381683 -0.00329927 -0.0271898 -0.0296472 0.0428641 -0.0274635 -0.0288833 0.0879625 0.00726039 -0.00325818 0.10065 0.129198 0.094192 0.0589853 0.0698431 0.0779755 -0.0301616 0.109365 0.0671064 -0.0629972 0.0999729 0.30391 -0.023168 -0.0268726 0.0226884 0.00427983 -0.0285816
internal_weight=4102.61 1508.48 1306.26 2594.12 1227.89 1348.97 1303.26 45.7161 1285.49 1267.01 202.225 801.77 476.738 27.0481 22.7445 191.099 60.0114 18.4861 50.7377 1250.36 13.9041 16.6523 3.3583 13.294 3.23628 426.118 1068.75 325.032 55.5835 1013.17
internal_count=2108843 292531 289489 1816312 282856 812843 807177 5666 806729 798041 3042 44176 23917 4778 3081 2306 853 8688 528 794672 5884 3369 648 2721 346 238680 660507 20259 31027 629480
cat_boundaries=0 1 2 3 4 5
cat_threshold=1 1 1 1 1
is_linear=0
shrinkage=0.05


Tree=11
num_leaves=31
num_cat=4
split_feature=5 2 3 1 1 0 1 1 0 2 2 1 10 1 2 1 10 2 6 0 1 2 1 0 2 1 1 1 1 3
split_gain=903.384 506.019 206.963 175.127 160.319 279.122 678.574 122.385 104.723 90.1098 132.042 170.345 156.709 85.2342 82.286 72.1997 75.9853 71.3083 68.8584 59.3576 55.2861 51.5118 98.1475 49.1479 48.6897 57.0118 46.5081 41.5697 41.5641 40.6161
threshold=1.0000000180025095e-35 8.5000000000000018 1.0000000180025095e-35 10.207062412506554 15.402690112946253 0 13.745606063811632 13.632404236354011 1 2.5000000000000004 7.5000000000000009 12.978914638555173 6.5000000000000009 13.687448938718529 8.5000000000000018 10.857820900031909 1.0000000180025095e-35 21.500000000000004 131586.41500000004 2 14.910553791267974 1.5000000000000002 13.278762481912418 3 21.500000000000004 12.961867552988101 9.9233301300132108 8.8151576714642541 11.788626284636576 1.0000000180025095e-35
decision_type=2 2 2 2 2 1 2 2 1 2 2 2 10 2 2 2 10 2 2 1 2 2 2 1 2 2 2 2 2 2
left_child=2 21 -1 8 5 6 7 24 29 18 11 12 -11 14 -12 -7 20 26 -4 -15 -17 22 23 28 -5 -26 -16 -19 -2 -3
right_child=1 3 9 4 -6 15 -8 -9 -10 10 13 -13 -14 19 17 16 -18 27 -20 -21 -22 -23 -24 -25 25 -27 -28 -29 -30 -31
leaf_value=-0.050204289721510142 0.016827009818917566 -0.044997511353146051 -0.025176715853464968 -0.023045975106609658 -0.040117326296866776 -0.011412479203150468 -2.5118577617491624 0.77554923510732454 -0.10485435614503796 -0.12779393017417448 0.10736048301716437 0.19409330378013293 -0.48290793059745063 -0.050058972387366077 0.038281645218385271 0.048257244169601671 -0.050082542811107883 0.64489248803809263 0.097208617060505459 -0.16168393737231418 -0.0011745334749146891 0.10174249751708436 0.13723574039336875 0.041999229716312605 0.065020726869470441 0.75141461251890929 -0.024467225606332285 0.041641583756031164 -0.15404549880630727 0.062208141080054617
leaf_weight=1382.4512153649603 7.1440090008544672 19.695751111721677 19.698059680012097 380.8008729141435 167.89425691474253 81.922537682228949 0.27320001626622925 0.48392176584456947 60.56918096524231 17.430216837760113 12.923732358263576 3.3196103868073044 3.7805223718654579 48.941306489054114 30.525126594351605 485.83354260027409 23.091857341001742 0.28766076825559039 27.592188232535459 15.739627479563522 64.017861373722553 137.77400104335868 21.923056525745764 34.769861215068886 10.419107174966481 0.31156903412193138 905.40769522369374 39.38985750626307 7.091710647335276 16.021829915582202
leaf_count=1163412 261 13702 696 218223 1113 1314 126 65 1333 468 1755 321 190 41941 11199 26275 15592 59 3906 419 686 1812 162 652 3880 29 574921 17739 218 7028
internal_value=-0.0188086 0.0116058 -0.0372458 9.69161e-05 0.00524062 0.012513 -0.02084 -0.019104 -0.0648118 -0.0213223 -0.0242864 -0.138963 -0.191088 -0.0216155 -0.0179771 0.0324927 0.0387705 -0.0196374 0.0462308 -0.0772221 0.042502 0.0839193 0.0492989 0.00995955 -0.0200861 0.0849504 -0.0224207 0.0460151 -0.0682954 0.00309171
internal_weight=4027.52 1520.04 2507.49 1311.34 1215.05 1047.15 392.289 392.015 96.2868 1125.04 1077.75 24.5303 21.2107 1053.22 988.534 654.866 572.943 975.61 47.2902 64.6809 549.851 208.703 70.9286 49.0056 391.532 10.7307 935.933 39.6775 14.2357 35.7176
internal_count=2109497 292471 1817026 289366 267303 266190 222323 222197 22063 653614 649012 979 658 648033 605673 43867 42553 603918 4602 42360 26961 3105 1293 1131 222132 3909 586120 17798 479 20730
cat_boundaries=0 1 2 3 4
cat_threshold=1 1 2 1
is_linear=0
shrinkage=0.05


Tree=12
num_leaves=31
num_cat=6
split_feature=6 2 4 2 0 2 2 2 2 2 0 6 2 6 10 9 4 0 0 2 0 6 2 2 10 10 0 2 2 2
split_gain=860.181 402.409 143.147 105.051 86.3092 68.2815 64.8606 135.069 61.589 60.5624 69.9408 49.9006 46.8274 44.3399 39.088 37.6747 37.5846 34.8125 30.7647 26.5525 25.7721 24.3541 23.0262 22.1718 21.1311 19.5863 19.2184 26.5999 90.4873 24.0267
threshold=4977.0500000000011 8.5000000000000018 1.0000000180025095e-35 20.500000000000004 0 21.500000000000004 2.5000000000000004 7.5000000000000009 8.5000000000000018 2.5000000000000004 1 425243.41000000009 14.500000000000002 127037.69500000002 6.5000000000000009 7.5000000000000009 1.0000000180025095e-35 2 3 22.500000000000004 4 212874.61000000002 17.500000000000004 1.0000000180025095e-35 12.500000000000002 353.50000000000006 5 6.5000000000000009 7.5000000000000009 6.5000000000000009
decision_type=2 2 2 2 1 2 2 2 2 2 1 2 2 2 8 2 2 1 1 2 1 2 2 2 10 8 1 2 2 2
left_child=1 9 5 4 16 6 13 11 -9 10 -1 -8 25 -2 -13 -16 -3 21 24 -5 -15 -7 -14 -12 -10 -6 29 -28 -29 -11
right_child=2 3 -4 19 12 17 7 8 18 26 23 14 22 20 15 -17 -18 -19 -20 -21 -22 -23 -24 -25 -26 -27 27 28 -30 -31
leaf_value=-0.037470685365356859 -0.036557879082977661 -0.024012624570276416 -0.050100661659691549 0.028623742333837056 -0.050064962762559687 0.12128509106490415 -0.084776465967135464 0.076394503695640395 -0.033088010239260932 0.11457864029465421 0.034803110437151903 -0.13085099243429665 -0.014771782888793905 0.081513541010280147 -0.46684033606071024 -0.2001538878449225 0.15653788832941998 -0.050082281356417374 -0.049435301624370438 0.078577218906202367 -0.050177724732626973 0.030612447609032117 0.0083656215908128242 0.0904311949388793 -0.018371493863134535 0.021276478867930756 -0.048279178471901926 0.68779076851255083 0.13852969656048891 0.068041855671792814
leaf_weight=20.381973059708201 16.965745047635277 413.71438870311988 1126.7329718408946 108.94722386563284 9.905822880884271 10.009925596081255 14.561642120043686 14.018415955048111 487.74989198657698 60.337797873693944 30.76922319383084 5.2741443718402481 263.60186312789034 27.348284098134787 2.4524947235910783 2.8788194691913533 2.9026113642612463 10.104191555059513 159.17342953337356 35.195816536930366 4.2991722933948067 28.463755229875279 181.61820381701182 42.868102068736334 487.94267799505775 334.31943510210249 1.0903561836817441 0.88140607762130674 5.0235338854991376 51.331819221230944
leaf_count=561 832 242535 1003585 13192 7753 4109 620 2453 324457 373 523 153 10781 3051 185 104 1057 6621 128266 2146 1681 12734 12296 394 313354 13650 119 64 718 612
internal_value=-0.0183136 0.0105485 -0.0371246 0.000479003 -0.00434249 -0.0256236 -0.0279334 -0.0302768 -0.0277667 0.0744737 0.0444989 -0.144861 0.00537426 0.028661 -0.22736 -0.322834 -0.0227547 0.0325119 -0.0290534 0.040821 0.0636238 0.0542033 -0.00533336 0.0671871 -0.0257283 0.0192235 0.098223 0.178619 0.220516 0.0931868
internal_weight=3960.87 1562.89 2397.98 1350.21 1206.06 1271.24 1222.66 1174.05 1148.88 212.684 94.0193 25.1671 789.445 48.6132 10.6055 5.33131 416.617 48.5779 1134.87 144.143 31.6475 38.4737 445.22 73.6373 975.693 344.225 118.665 6.9953 5.90494 111.67
internal_count=2108979 306774 1802205 303410 288072 798620 775156 769592 768530 3364 1478 1062 44480 5564 442 289 243592 23464 766077 15338 4732 16843 23077 917 637811 21403 1886 901 782 985
cat_boundaries=0 1 2 3 4 5 6
cat_threshold=1 1 1 1 1 2
is_linear=0
shrinkage=0.05


Tree=13
num_leaves=31
num_cat=4
split_feature=5 3 1 0 1 3 10 1 0 1 1 1 0 1 1 1 1 3 1 0 10 1 10 4 1 1 1 10 10 10
split_gain=820.787 212.843 189.652 258.396 249.723 125.546 96.7137 91.1083 88.1344 85.1768 63.1262 63.2945 103.624 58.8951 66.3969 78.6234 56.6603 43.1717 29.2178 28.6131 27.196 23.3775 27.3393 23.3343 23.2038 21.8438 25.2911 19.4611 18.7543 33.8304
threshold=1.0000000180025095e-35 1.0000000180025095e-35 10.154628490685154 0 15.402690112946253 1.0000000180025095e-35 1.0000000180025095e-35 10.974815399146502 1 10.637495686855566 13.687448938718529 12.995994908909696 2 12.915531551073494 13.745606063811632 13.941986553355749 13.575949301614788 1.0000000180025095e-35 9.1701124705576369 3 8.5000000000000018 9.1701124705576369 178.50000000000003 1.0000000180025095e-35 14.910553791267974 14.510441449307644 14.910553791267974 52.500000000000007 5.5000000000000009 9.5000000000000018
decision_type=2 2 2 1 2 2 10 2 1 2 2 2 1 2 2 2 2 2 2 1 10 2 10 2 2 2 2 8 10 10
left_child=1 25 8 13 6 -6 7 -5 17 21 11 20 28 -4 16 -16 23 -2 -19 -12 -11 27 -23 -15 -9 -1 -27 -3 -13 -30
right_child=2 9 3 4 5 -7 -8 24 -10 10 19 12 -14 14 15 -17 -18 18 -20 -21 -22 22 -24 -25 -26 26 -28 -29 29 -31
leaf_value=-0.049366620646772268 -0.04731403675997338 0.047581714726490393 -0.024821172361744807 0.00029736580302676689 0.10791728627017166 -0.039475791287483422 -0.052002766483879852 0.052239866102229193 -0.092459012304044852 -0.035567382089405929 -0.12276792988372545 0.014322426579084844 -0.050065067548650637 0.036732620731470558 -0.4456630677935951 0.054354105364126215 0.29599604484328579 0.15888141601139499 0.018761874547457306 -0.050054060563512852 -0.017190188380424562 0.014039992816689171 0.52847545264277229 0.50178474316813493 0.022571910845610797 -0.16732606907579781 -0.050053538418796742 0.17205031448987695 0.21503124337344551 0.051613297154701213
leaf_weight=1236.2272595852698 18.123232886194842 10.530125035081991 364.44788570287392 109.51235081162304 15.903255244949831 157.80876943352632 27.80001604860081 650.20335188042372 62.176934582299396 386.2356770824116 19.371610778906415 33.642130113905296 45.026259221544024 36.739718465083598 1.4988307713379057 1.6534751149368681 2.2983467855665358 5.4578832453698878 11.686776006361468 44.857783187035238 420.49881303975178 69.887578505424415 0.2592227851273482 0.27172673586755891 73.339822351932526 8.5270981726534973 9.9760580357396957 4.4750020121045972 3.3841865758440681 49.347847886638192
leaf_count=1145335 13352 2722 208041 1178 72 1031 16454 27208 1395 246386 614 13464 35815 16347 49 206 160 1329 5072 42153 260434 33736 107 70 722 7997 9340 833 912 16348
internal_value=-0.0175037 -0.0361415 0.0108632 0.0154269 0.0287033 -0.025982 0.0397382 0.0427997 -0.0566462 -0.0199518 -0.0240303 -0.0207471 0.011433 -0.0183282 0.0374003 -0.18339 0.0551058 0.00649142 0.063368 -0.0719846 -0.0259885 0.0280579 0.0159411 0.0401469 0.0492327 -0.0501737 -0.104098 0.0847022 0.0434916 0.062101
internal_weight=3881.17 2342.25 1538.92 1441.48 1034.57 173.712 860.856 833.056 97.4448 1087.52 1002.36 938.135 131.4 406.91 42.4621 3.15231 39.3098 35.2679 17.1447 64.2294 806.734 85.1519 70.1468 37.0114 723.543 1254.73 18.5032 15.0051 86.3742 52.732
internal_count=2108882 1816196 292686 271538 46665 1103 45562 29108 21148 653524 616126 573359 66539 224873 16832 255 16577 19753 6401 42767 506820 37398 33843 16417 27930 1162672 17337 3555 30724 17260
cat_boundaries=0 1 2 3 4
cat_threshold=1 1 1 1
is_linear=0
shrinkage=0.05


Tree=14
num_leaves=31
num_cat=0
split_feature=5 2 3 1 2 1 1 10 1 1 1 2 2 10 2 1 3 1 2 2 1 1 2 1 2 2 1 1 10 1
split_gain=800.279 379.71 216.064 142.291 113.884 108.294 105.357 75.5649 67.6834 57.4479 66.2917 60.7118 57.3228 45.4547 43.6899 68.8979 41.056 29.6855 28.4121 27.9131 25.9538 25.1158 47.2203 37.9762 28.6671 27.8147 24.868 25.6151 22.6154 21.9228
threshold=1.0000000180025095e-35 8.5000000000000018 1.0000000180025095e-35 10.298470750191994 20.500000000000004 15.402690112946253 13.217528710294902 403.00000000000006 13.687448938718529 10.604141114559347 12.995994908909696 8.5000000000000018 19.500000000000004 5.5000000000000009 1.5000000000000002 13.278762481912418 1.0000000180025095e-35 11.017498586231406 14.500000000000002 21.500000000000004 13.217528710294902 12.744268498744946 13.500000000000002 14.263256222424639 9.5000000000000018 17.500000000000004 11.646239140140926 14.375863850558947 31.500000000000004 14.510441449307644
decision_type=2 2 2 2 2 2 2 8 2 2 2 2 2 10 2 2 2 2 2 2 2 2 2 2 2 2 2 2 10 2
left_child=2 14 29 28 5 7 17 -5 9 -4 19 13 -13 -12 15 -2 -9 -6 -7 -11 -15 25 23 24 -23 -18 -16 -28 -3 -1
right_child=1 3 8 4 6 18 -8 16 -10 10 11 12 -14 20 26 -17 21 -19 -20 -21 -22 22 -24 -25 -26 -27 27 -29 -30 -31
leaf_value=-0.049287378995219948 0.0071282473373738414 -0.061746450728965147 0.023547138223431293 -0.026843865723548278 -0.025378176219824047 0.0058171968349889358 0.12686431890677213 -0.043693411246954916 -0.069274677992695322 -0.027025237153604914 -0.043824978520824488 -0.0084380862051520768 0.1041806446199415 0.033533774745611665 0.13082482591426595 0.11028318332745074 0.016081881189533555 0.03844707470875202 -0.049364115268891701 0.020125464459470475 0.24564462658510974 0.10559390527770594 0.043608717997529273 -0.014161895659085502 0.020151418671371601 -0.011202219024346514 0.064019581147927482 0.11681409573185067 0.02681691142262704 -0.10702478885982492
leaf_weight=1177.6831455060744 49.638163404560913 96.05410554061848 84.132348871276122 142.22707414552133 23.427821525139734 28.821871602326155 32.805949093442905 31.018333875807002 63.385353138129631 758.68114160530001 2.7868196838098793 108.49374462559354 12.612715878058223 1.9294243374170035 27.525911217238871 24.01982151498558 266.8174434954999 81.923006517579779 122.35531983499641 32.74330874113366 5.7106473130297672 11.222577661974354 171.41286350676091 98.204724007868208 78.377329728333279 143.72823898214847 86.520591661752292 31.281905324156952 7.7931790246424262 16.673483584993164
leaf_count=1146102 1088 20067 35650 94569 1940 202 495 18729 42620 493534 472 59686 5708 184 483 159 67918 10675 839 15060 225 1691 18334 2317 12816 34940 1150 202 4025 17304
internal_value=-0.0165088 0.0111088 -0.0354728 0.00110699 0.00584347 0.000442439 0.048619 0.00674056 -0.0191603 -0.0160061 -0.0196116 0.0132581 0.00329067 0.129028 0.0721372 0.040767 0.0127055 0.0242537 -0.0388438 -0.0250745 0.192078 0.0149782 0.0246335 0.00731444 0.0308533 0.00652997 0.0880368 0.0780389 -0.0551002 -0.0500934
internal_weight=3820.01 1555.18 2264.83 1336.19 1232.34 1094.19 138.157 943.009 1070.48 1007.09 922.958 131.533 121.106 10.4269 218.986 73.658 800.782 105.351 151.177 791.424 7.64007 769.763 359.217 187.805 89.5999 410.546 145.328 117.802 103.847 1194.36
internal_count=2109184 292639 1816545 289557 265465 252355 13110 251314 653139 610519 574869 66275 65394 881 3082 1247 156745 12615 1041 508594 409 138016 35158 16824 14507 102858 1835 1352 24092 1163406
is_linear=0
shrinkage=0.05


Tree=15
num_leaves=31
num_cat=0
split_feature=3 2 2 1 1 1 6 2 2 5 1 1 2 1 10 1 10 6 4 1 1 10 1 10 1 6 1 6 1 1
split_gain=697.258 342.922 153.929 149.629 116.194 102.297 88.6125 104.058 171.489 86.9638 125.729 98.7907 77.9394 65.0837 58.7644 52.9348 43.1784 40.7398 38.6287 34.1861 31.3567 27.9028 26.4827 24.1853 23.9869 30.4445 22.4025 23.4207 22.359 20.5314
threshold=1.0000000180025095e-35 8.5000000000000018 20.500000000000004 12.2668856731106 13.278762481912418 15.402690112946253 28885.085000000003 2.5000000000000004 7.5000000000000009 1.0000000180025095e-35 15.402690112946253 10.207062412506554 2.5000000000000004 10.807921469369189 403.00000000000006 13.687448938718529 2.5000000000000004 87400.385000000024 1.0000000180025095e-35 14.510441449307644 11.767784365286163 6.5000000000000009 12.365336168158699 9.5000000000000018 13.217528710294902 1031806.4700000001 11.92095425070667 298893.68500000006 12.915531551073494 14.67370131514023
decision_type=2 2 2 2 2 2 2 2 2 2 2 2 2 2 8 2 10 2 2 2 2 10 2 10 2 2 2 2 2 2
left_child=5 4 9 -4 6 19 12 17 21 13 11 16 20 -3 -13 -15 -11 -8 -7 -1 -2 -9 -22 -10 -5 -26 27 -19 -14 -21
right_child=1 2 3 24 -6 18 7 8 23 10 -12 14 28 15 -16 -17 -18 26 -20 29 22 -23 -24 -25 25 -27 -28 -29 -30 -31
leaf_value=-0.04883454855670416 0.048172285326424362 0.017165659183542126 -0.0050835750900572151 0.057550039852348883 0.09751773001622252 0.1058489543398657 -0.069886513489465465 -0.12651800257323201 -0.023238963797327417 -0.06620785837860492 -0.047768184129954622 -0.025129176128108895 0.094293095319530437 -0.025559784727793369 0.012072766103823337 -0.075757259792930853 0.073165330186073727 0.034254699396905175 -0.052935751345639083 -0.23899420802667462 -0.065572972999434626 -0.25152033908559362 0.020156376028194679 0.13387515072740622 0.122729565500629 -0.031785942750690861 0.019672370073230725 0.15367253691968188 0.011358529447962821 -0.091007439779174915
leaf_weight=1191.5618307877062 31.46118719393408 83.967874447465533 125.27440278884774 58.051754666492336 85.074730740276522 14.745943740010263 7.1820400907890791 16.126992632319126 3.7051835836609808 64.760322162581815 141.65946197101221 122.70365734276857 70.257314152507519 742.92340265878011 786.87460757116787 56.514244108468233 6.0787160280779053 7.224584802985194 5.1743545225472181 3.4433406774023734 16.977680867770687 6.1731171965881506 19.190996882854961 7.2270429984200746 34.736602076908369 3.5100223964703252 16.227493824553676 9.5111200793180597 9.1898646791087213 7.3395297388888139
leaf_count=1194535 470 44350 32619 14154 1853 65 275 397 1059 4663 1014 83328 1357 522499 138896 40246 2272 432 5149 3984 338 190 353 168 1235 2052 2165 1027 189 8273
internal_value=-0.0167598 -0.00179159 -0.00860629 0.030941 0.0478819 -0.0477747 0.0287272 -0.0161524 -0.0815953 -0.0129756 -0.00373717 0.00262482 0.0511179 -0.02471 0.00705416 -0.0291084 -0.0542482 0.0380214 0.0646042 -0.0496366 0.0116679 -0.161121 -0.0200852 0.0806256 0.0778053 0.108549 0.0615325 0.102121 0.0846998 -0.138265
internal_weight=3754.85 2532.58 2227.06 221.573 305.529 1222.26 220.455 73.3776 33.2323 2005.48 1122.08 980.417 147.077 883.406 909.578 799.438 70.839 40.1452 19.9203 1202.34 67.6299 22.3001 36.1687 10.9322 96.2984 38.2466 32.9632 16.7357 79.4472 10.7829
internal_count=2109607 897601 887328 50060 10273 1212006 8420 5713 1814 837268 230173 229159 2707 607095 222224 562745 6935 3899 5214 1206792 1161 587 691 1227 17441 3287 3624 1459 1546 12257
is_linear=0
shrinkage=0.05


Tree=16
num_leaves=31
num_cat=3
split_feature=3 10 1 0 1 1 6 1 1 1 1 0 1 1 1 1 4 1 6 10 1 1 10 10 6 1 1 7 0 1
split_gain=703.872 198.492 139.254 135.215 362.84 85.7331 85.3124 83.7613 81.9556 60.4685 53.764 49.8625 96.6385 47.1578 38.7086 33.4582 33.1483 30.012 30.1891 26.7118 25.8266 24.8068 22.3309 20.7088 41.403 20.4213 20.0848 22.6665 19.0239 22.0935
threshold=1.0000000180025095e-35 54.500000000000007 15.402690112946253 0 10.043864956150427 9.6141981799871825 1.0000000180025095e-35 15.402690112946253 10.857820900031909 13.687448938718529 12.961867552988101 1 13.278762481912418 14.510441449307644 10.727964046065718 13.575949301614788 1.0000000180025095e-35 14.910553791267974 26280660.000000004 87.500000000000014 12.678050636937952 13.138403858178005 54.500000000000007 118.50000000000001 538015.53000000014 14.910553791267974 7.9333074112982738 3.5000000000000004 2 13.745606063811632
decision_type=2 8 2 1 2 2 2 2 2 2 2 1 2 2 2 2 2 2 2 8 2 2 10 10 2 2 2 2 1 2
left_child=7 9 3 5 -5 -3 8 13 -6 11 -7 -2 14 -1 26 19 -9 18 -15 21 -16 -12 25 -21 -25 -10 27 -13 29 -11
right_child=1 2 -4 4 6 10 -8 16 22 28 15 12 -14 17 20 -17 -18 -19 -20 23 -22 -23 -24 24 -26 -27 -28 -29 -30 -31
leaf_value=-0.048947662255025698 -0.050587130074512147 0.11342770577690381 -0.036608723170829013 -0.093612389640994581 -0.0064122617845091467 -0.017313319594196356 -0.050066390783311689 0.098616533310320331 0.043964615826037855 -0.072268005150002576 0.047628149765093906 0.061612756104570288 0.078482909494694386 -0.21776948919095307 -0.02512170075813179 -0.019250502844181758 -0.052877210585049829 -0.050253117643793199 -1.1264734347811778 0.031393872288808598 0.00039493513121131196 0.24416207792584099 -0.05024948696368392 0.11572913867221474 0.83363604277338288 0.016730923391436336 0.011458654243192964 0.35713774290092914 -0.050540834719535757 -0.18743401615970967
leaf_weight=1134.9869502675683 97.522950521092071 14.286072376494074 151.32628177646416 61.033093365431114 105.26746085227933 425.64658514413759 30.447075694162322 13.405380442738535 709.22816977649927 11.377271199715326 3.0623347700748118 2.6614233113356245 28.045785169962983 5.6670462295155613 515.44434071971409 21.773095198010878 4.9420632995897895 3.7216330372611992 0.092898045415949926 35.170014318602625 122.78880196336831 3.3752543767041061 6.7147372834069747 1.8062237516205635 0.22595734277274448 76.234042152762413 75.387955362541106 0.85801590839400876 33.242700879520271 6.5688057117115468
leaf_count=1194668 76253 3469 1541 589 785 240847 25737 60 26380 52 1463 452 5337 7827 344623 482 5167 4267 136 14515 76316 1041 4578 821 63 726 35281 65 36024 439
internal_value=-0.0159582 -0.00120583 0.00909684 0.0137255 0.0244773 -0.00731495 0.0322447 -0.0481762 0.0350373 -0.0201722 -0.0108276 -0.0169672 -0.0125673 -0.0498753 -0.0161281 0.0313752 0.0578102 -0.160921 -0.232425 0.0566337 -0.0202126 0.150672 0.0405452 0.0403611 0.195553 0.0413214 0.0169091 0.13366 -0.0729368 -0.114422
internal_weight=3702.31 2539.49 1645.6 1494.27 988.925 505.346 927.891 1162.82 897.444 893.898 491.059 842.709 745.186 1144.47 717.141 65.4129 18.3474 9.48158 5.75994 43.6398 638.233 6.43759 792.177 37.2022 2.03218 785.462 78.9074 3.51944 51.1888 17.9461
internal_count=2110004 897879 323037 321496 58795 262701 58206 1212125 32469 574842 259232 538327 462074 1206898 456737 18385 5227 12230 7963 17903 420939 2504 31684 15399 884 27106 35798 517 36515 491
cat_boundaries=0 1 2 3
cat_threshold=1 2 1
is_linear=0
shrinkage=0.05


Tree=17
num_leaves=31
num_cat=2
split_feature=3 2 2 1 6 7 1 2 1 2 0 1 1 1 2 2 1 6 1 2 1 1 4 1 1 1 2 1 1 0
split_gain=672.813 302.862 132.224 96.8731 94.304 84.1351 94.7071 76.3854 62.2395 76.6217 71.5904 99.7435 65.2962 45.0346 42.4126 112.322 61.7457 39.6937 38.8631 38.2442 35.9938 33.7667 32.2011 31.6333 30.457 27.6991 90.9337 23.3027 22.9823 105.549
threshold=1.0000000180025095e-35 9.5000000000000018 21.500000000000004 15.402690112946253 4977.0500000000011 1.0000000180025095e-35 15.402690112946253 17.500000000000004 12.721850421883564 19.500000000000004 0 13.050637026908342 14.171092201576798 14.510441449307644 2.5000000000000004 7.5000000000000009 12.978914638555173 78909.630000000019 13.687448938718529 13.500000000000002 11.292021965235341 14.910553791267974 1.0000000180025095e-35 12.312228772086291 11.548160215873565 12.33864171589463 22.500000000000004 7.9333074112982738 10.253988425962499 1
decision_type=2 2 2 2 2 2 2 2 2 2 1 2 2 2 2 2 2 2 2 2 2 2 2 2 2 2 2 2 2 1
left_child=3 4 5 13 -2 6 8 -8 28 19 12 -12 -11 -1 17 16 -16 20 27 -10 -6 -15 -5 -4 -17 26 -25 -7 29 -3
right_child=1 2 23 22 14 18 7 -9 9 10 11 -13 -14 21 15 24 -18 -19 -20 -21 -22 -23 -24 25 -26 -27 -28 -29 -30 -31
leaf_value=-0.048843690428329867 0.05344707568610349 0.037341670844334818 0.016921267483523759 0.096978917269190237 0.074620252042738922 0.11208738774078249 -0.054872931881912439 0.12112148890074251 -0.0082744761154222336 0.024874114871209465 0.057834632087482733 0.55473045733023307 0.19265528127471659 -0.25583021126871691 -0.13032794470604078 0.094317421819879094 0.10462647705674827 0.062029271557178224 -0.080210836395735188 0.020977829492757376 -0.11098558187983637 -0.050243617876456419 -0.05283120361669133 -0.050751688603721284 0.002480461000381122 0.059838061040646595 0.79717893170482457 -0.026011230319868406 -0.0070482523802906302 -0.073296460491875423
leaf_weight=1080.6320371034994 291.12885772694602 33.702248763991349 77.875876289411465 15.196513846516611 4.0846713400678478 3.0727678321507019 124.49163764096262 6.4865162106302554 223.58620190613169 32.08118896454107 2.3146078962600081 1.7917190545090642 7.0782885011867611 4.6178393902464432 23.940469359018866 11.371149919694281 3.1660722755247965 39.713733421884598 34.206390835048524 223.34943055809146 7.2453005302337417 3.5195151785737835 4.6952301890705703 0.78232040721923002 43.812714852590481 60.927390582762015 0.5306630238192156 519.39213934249847 706.14031617401633 59.817329828273444
leaf_count=1194457 14325 12877 15475 68 112 398 2014 56 46118 4247 1000 143 247 8017 591 5364 289 4118 24658 52033 310 4240 5155 207 25234 8406 119 380896 298089 781
internal_value=-0.0152255 -0.00105025 -0.00877691 -0.0477284 0.0374977 -0.0121026 -0.00564719 -0.046157 -0.00153364 0.0124944 0.0760288 0.274646 0.0552015 -0.0497261 0.00267302 -0.0195367 -0.102885 0.0384786 -0.0285794 0.00634393 -0.0440711 -0.166911 0.0616179 0.0381602 0.0214043 0.0647346 0.291953 -0.025199 -0.010133 -0.0334251
internal_weight=3650.75 2542.09 2117.63 1108.66 424.463 1977.51 1420.84 130.978 1289.86 490.201 43.2658 4.10633 39.1595 1088.77 133.334 82.2904 27.1065 51.0437 556.671 446.936 11.33 8.13735 19.8917 140.116 55.1839 62.2404 1.31298 522.465 799.66 93.5196
internal_count=2110044 898107 847764 1211937 50343 823557 417605 2070 415535 103788 5637 1143 4494 1206714 36018 31478 880 4540 405952 98151 422 12257 5223 24207 30598 8732 326 381294 311747 13658
cat_boundaries=0 1 2
cat_threshold=2 1
is_linear=0
shrinkage=0.05


Tree=18
num_leaves=31
num_cat=3
split_feature=3 5 1 1 0 0 1 1 0 1 9 1 1 1 1 1 1 9 6 4 9 9 1 8 8 8 6 1 1 1
split_gain=664.839 163.791 133.738 130.853 188.841 121.389 87.445 71.7744 69.0151 66.1054 63.2439 58.2874 50.3266 110.182 44.112 41.6151 67.147 32.7685 30.218 27.1752 23.6175 78.1363 65.4269 22.3901 128.377 56.5736 17.6469 26.1797 59.2519 20.0966
threshold=1.0000000180025095e-35 1.0000000180025095e-35 15.402690112946253 10.043864956150427 0 1 15.402690112946253 14.510441449307644 2 14.910553791267974 1.0000000180025095e-35 10.929856066070075 13.687448938718529 12.978914638555173 10.807921469369189 13.18896346560326 13.745606063811632 15.500000000000002 18633179.495000001 1.0000000180025095e-35 3.5000000000000004 5.5000000000000009 14.67370131514023 1335849.1450000003 625538.88000000012 827060.86500000011 475403.14500000008 13.575949301614788 13.521582412180257 13.387048948663738
decision_type=2 2 2 2 1 1 2 2 1 2 2 2 2 2 2 2 2 2 2 2 2 2 2 2 2 2 2 2 2 2
left_child=6 8 3 5 15 -3 7 -1 12 17 11 -6 13 14 -2 -5 -17 18 20 -8 -9 22 -22 24 -23 -26 27 28 -15 -28
right_child=1 2 -4 4 10 -7 19 9 -10 -11 -12 -13 -14 26 -16 16 -18 -19 -20 -21 21 23 -24 -25 25 -27 29 -29 -30 -31
leaf_value=-0.048829672625551906 0.014079015298939493 0.072442222167920581 -0.035626026555652786 -0.017360375538719563 -0.0019915508434155049 -0.077941311174592798 0.093076776571601613 -0.16402998498648624 -0.049691915879630066 -0.050237155682840366 -0.052000980402296872 0.036540197217058881 -0.089484157412651186 0.078473110904728055 -0.020562539310739994 0.096932643795400703 -0.14272136362816912 -0.21465604131044499 -1.5706082636413199 -0.051490763798560137 -2.6870940401496601 -0.28580174330718255 -0.654122498848829 -0.05002149321946911 -3.4880879575967891 -1.2619164732609152 0.0013120029057912569 0.0014671089490422987 0.61267985504935574 0.073757861771038921
leaf_weight=1029.020388662273 106.85669436802334 16.910605534940316 147.84522320635847 330.44058294513769 111.5976441539824 64.990135878809212 14.207109376788141 0.43960701062860552 134.59899281605317 3.2824083177256398 23.021414093501335 814.30761236604303 20.081709351637869 32.760584992560325 656.42956432272786 17.068695534007944 3.5266868792418675 1.8221920363957904 0.065761445057432755 4.2150916110258541 0.075840374138351652 0.63617595862888243 0.082766657780666719 0.27725589030887932 0.043628514428746712 0.082514034193081898 35.8141479750484 12.258757922798393 0.52742405850221885 13.064763051072076
leaf_count=1194257 45664 5377 1118 189736 782 497 64 746 127512 4152 15524 26949 586 15063 446087 4128 195 4263 207 5118 194 1482 180 650 106 195 16288 145 148 1363
internal_value=-0.0145971 -0.000752787 0.00957219 0.0144079 0.0182699 -0.0468906 -0.0479798 -0.0499002 -0.0163537 -0.211711 0.0298607 0.031896 -0.0112416 -0.00940975 -0.0157129 -0.0130625 0.0558951 -0.362041 -0.519691 0.059999 -0.477494 -0.592502 -1.62622 -0.434788 -0.574728 -2.03188 0.0415413 0.0639332 0.0869372 0.0206759
internal_weight=3596.35 2542.1 1529.71 1381.86 1299.96 81.9007 1054.25 1035.83 1012.39 6.80815 948.927 925.905 877.794 857.712 763.286 351.036 20.5954 3.52574 1.70355 18.4222 1.63779 1.19818 0.158607 1.03957 0.762319 0.126143 94.4257 45.5468 33.288 48.8789
internal_count=2108776 897162 244306 243188 237314 5874 1211614 1206432 652856 12175 43255 27731 525344 524758 491751 194059 4323 8023 3760 5182 3553 2807 374 2433 1783 301 33007 15356 15211 17651
cat_boundaries=0 1 2 3
cat_threshold=1 1 1
is_linear=0
shrinkage=0.05


Tree=19
num_leaves=31
num_cat=0
split_feature=3 2 5 2 1 1 10 1 1 1 6 2 7 7 9 10 6 1 9 10 1 4 1 1 1 10 2 10 2 2
split_gain=625.959 237.055 113.247 107.874 94.0875 79.194 58.9993 78.1635 55.9872 65.9575 84.8067 164.884 35.8761 141.56 33.8535 57.8086 31.9752 62.0436 30.9907 30.1701 29.8058 26.4682 25.972 25.6276 25.4088 24.9361 42.2914 24.5856 27.3392 41.587
threshold=1.0000000180025095e-35 9.5000000000000018 1.0000000180025095e-35 20.500000000000004 12.284976220011634 15.402690112946253 21.500000000000004 15.402690112946253 14.510441449307644 14.67370131514023 6859185.9800000014 10.500000000000002 3.5000000000000004 5.5000000000000009 22.500000000000004 21.500000000000004 1766.1750000000002 10.207062412506554 11.500000000000002 1.5000000000000002 13.687448938718529 1.0000000180025095e-35 8.3220829927205315 14.090781772065448 10.857820900031909 31.500000000000004 10.500000000000002 10.500000000000002 8.5000000000000018 1.5000000000000002
decision_type=2 2 2 2 2 2 8 2 2 2 2 2 2 2 2 8 2 2 2 8 2 2 2 2 2 10 2 8 2 2
left_child=5 2 19 6 -5 8 20 16 -1 10 12 -12 -10 -14 15 18 17 25 -13 -2 -3 -7 -21 -6 -18 -8 -27 -4 29 -29
right_child=1 3 27 4 23 21 7 -9 9 -11 11 14 13 -15 -16 -17 24 -19 -20 22 -22 -23 -24 -25 -26 26 -28 28 -30 -31
leaf_value=-0.048563216692509556 -0.068574796947278735 -0.024178957791225412 -0.044330856172072615 -0.0047585282297831896 0.047048791971421762 0.089336677991883953 -0.050604355181755073 -0.043681789403620323 -0.17104105593475921 -0.11535559242830949 -3.782710698808657 -1.3162804817616864 -3.3494724210797715 -0.050017754822238428 -0.050015947264824459 -0.050015520286265103 0.02083507100715715 0.0056075945490615571 -3.4627492451526951 0.21444532243606132 -0.077170896483584189 -0.052701488688259884 0.0020635714379832275 0.11017009770710864 -0.020390325450942843 0.55108773839392489 0.022019681241026323 0.031356183334544617 0.024927879085823935 0.077546986232034765
leaf_weight=980.31181640957038 15.894597708064344 430.51801529204567 6.633385665025723 128.83745817091685 87.261858722734132 13.894269064068796 66.900783623932 130.59564603814533 0.82724349552336096 4.5971550382264468 0.053573523249724531 0.039478398597566411 0.045456567640940193 0.11412730394295068 0.10659778426634148 0.054466623023472494 42.270066510303764 853.09022455414379 0.029293778643477708 1.4562331580091257 28.278045116215935 4.2933178974781177 125.26758332887675 19.713030930449037 322.82177030059052 0.41560487890001141 4.1436076136876068 74.259556513561904 66.145870803280104 141.73520191441298
leaf_count=1194450 2431 329497 682 33180 15859 64 4680 2294 2476 8269 191 181 194 327 338 209 21144 181920 97 50 21663 5197 34601 1059 234472 92 1043 947 10416 1402
internal_value=-0.0141514 -0.000966127 0.032813 -0.00785648 0.0240203 -0.0475782 -0.0118569 -0.00682126 -0.0494849 -0.203476 -0.522396 -1.28475 -0.303454 -0.989849 -0.702488 -1.26686 -0.00308857 0.00185884 -2.23058 -0.0036404 -0.0274451 0.0558075 0.00450413 0.0586806 -0.0156173 -0.0428939 0.070248 0.0508164 0.0530534 0.0616665
internal_weight=3550.61 2546.24 431.392 2114.85 235.812 1004.37 1879.03 1420.24 986.179 5.86739 1.27024 0.28341 0.986827 0.159584 0.229837 0.123239 1289.64 924.55 0.0687722 142.618 458.796 18.1876 126.724 106.975 365.092 71.46 4.55921 288.774 282.141 215.995
internal_count=2109425 897432 50529 846903 50098 1211993 796805 445645 1206732 12282 4013 1016 2997 521 825 487 443351 187735 278 37082 351160 5261 34651 16918 255616 5815 1135 13447 12765 2349
is_linear=0
shrinkage=0.05


Tree=20
num_leaves=31
num_cat=1
split_feature=3 2 2 10 1 1 1 6 9 10 10 1 1 1 0 1 5 10 8 6 9 10 9 2 1 1 6 2 2 2
split_gain=608.842 222.242 108.041 82.8213 76.8341 86.5084 107.269 85.5614 258.525 415.599 73.4057 81.7404 73.3489 58.3964 53.7594 120.229 55.9586 49.3581 155.325 196.932 114.517 59.4915 199.334 47.0832 44.8536 42.7319 30.6509 46.7954 112.242 44.9814
threshold=1.0000000180025095e-35 8.5000000000000018 20.500000000000004 9.5000000000000018 15.402690112946253 14.510441449307644 14.910553791267974 18633179.495000001 15.500000000000002 20.500000000000004 36.500000000000007 15.402690112946253 12.2668856731106 13.472774303176271 0 10.043864956150427 1.0000000180025095e-35 12.500000000000002 552917.89000000013 4298285.3000000017 15.500000000000002 18.500000000000004 7.5000000000000009 2.5000000000000004 9.9865238503507836 13.687448938718529 418739.46000000002 2.5000000000000004 7.5000000000000009 1.5000000000000002
decision_type=2 2 2 8 2 2 2 2 2 10 8 2 2 2 1 2 2 10 2 2 2 8 2 2 2 2 2 2 2 2
left_child=4 3 10 23 5 -1 7 17 9 -9 25 14 -4 26 24 -16 -17 -7 21 20 -20 22 -19 -2 -12 -3 29 -28 -29 -5
right_child=1 2 12 13 -6 6 -8 8 -10 -11 11 -13 -14 -15 15 16 -18 18 19 -21 -22 -23 -24 -25 -26 -27 27 28 -30 -31
leaf_value=-0.04859431639986031 0.023204828429108329 -0.021718568976411445 -0.00085081003809768453 0.010287626309915964 0.055152109944242682 -0.23238001911054426 -0.050201191772974565 -0.050003363001664261 -0.050013612683787539 -19.868921745328887 0.052915634964482344 -0.041880207468195846 0.054488836843995275 0.086221892523560342 -0.062112170710626503 -0.050049401891445411 0.01744753144910766 -5.0985738154943956 -6.6776642717680446 -0.69383299948155075 -2.0805417146659018 -0.33666684591863982 -0.48798929212130243 -0.085743536694096012 -0.016167013580425407 -0.078386530245494163 0.047068265141730459 -0.23549103191138598 0.058871697728786476 0.060323773313204557
leaf_weight=933.57262038422516 20.219686895023017 568.31658265319675 128.27951696657283 73.045425265525566 17.796830814448185 1.0916136826638476 2.8478727381443605 0.0055628077890331751 0.023185105507536719 0.0050433402429916896 24.7134346192463 129.60904593761779 112.29159411294108 70.891949209524739 55.77625314896909 32.235067953297403 647.82108543545473 0.029500833399651705 0.030114426144848383 0.077660255087977248 0.024623550783871906 0.87196576638541512 0.11415968063693072 19.461336808010614 477.07627286273964 35.335695851530772 14.159572705277229 6.3097038874507927 6.6529403894674033 116.63938034257093
leaf_count=1193963 2010 436182 32638 1803 5258 3679 4250 131 115 78 7183 1850 17411 1159 495 33512 30394 85 140 317 99 3034 406 1213 298855 29303 1397 184 319 2211
internal_value=-0.0137691 -0.000960538 -0.00665238 0.0374879 -0.0477673 -0.0497185 -0.254656 -0.510772 -3.00798 -9.47412 -0.0105135 -0.00410178 0.0249801 0.0468277 -0.000145459 0.00846001 0.0142481 -0.473094 -0.70198 -2.31278 -4.60968 -0.491995 -1.43478 -0.0302283 -0.0127647 -0.0250357 0.0339465 -0.0157709 -0.0844125 0.0410554
internal_weight=3495.33 2538.83 2211.45 327.38 956.491 938.694 5.1213 2.27343 0.0337913 0.0106061 1970.88 1367.23 240.571 287.699 1237.62 735.832 680.056 2.23964 1.14802 0.132398 0.054738 1.01563 0.143661 39.681 501.79 603.652 216.807 27.1222 12.9626 189.685
internal_count=2109674 898119 887823 10296 1211555 1206297 12334 8084 324 209 837774 372289 50049 7073 370439 64401 63906 7760 4081 556 239 3525 491 3223 306038 465485 5914 1900 503 4014
cat_boundaries=0 1
cat_threshold=1
is_linear=0
shrinkage=0.05


Tree=21
num_leaves=31
num_cat=6
split_feature=3 2 10 6 2 2 2 6 0 4 0 6 2 10 0 0 2 2 0 5 2 6 10 2 0 2 10 2 10 10
split_gain=581.793 186.188 80.841 75.411 62.7071 39.2562 103.225 33.1804 44.5284 36.3841 29.0358 27.287 26.9983 24.2721 24.1749 23.803 25.2027 19.0061 18.8351 44.3896 21.9339 18.621 16.6656 14.9701 35.0198 14.251 13.4284 13.045 18.2064 20.5855
threshold=1.0000000180025095e-35 8.5000000000000018 23.500000000000004 4977.0500000000011 20.500000000000004 7.5000000000000009 2.5000000000000004 4977.0500000000011 0 1.0000000180025095e-35 1 87400.385000000024 1.5000000000000002 53.500000000000007 2 3 1.0000000180025095e-35 22.500000000000004 4 1.0000000180025095e-35 14.500000000000002 412202.27000000008 80.500000000000014 6.5000000000000009 5 17.500000000000004 8.5000000000000018 22.500000000000004 27.500000000000004 83.500000000000014
decision_type=2 2 8 2 2 2 2 2 1 2 1 2 2 10 1 1 2 2 1 2 2 2 8 2 1 2 10 2 8 10
left_child=7 3 14 12 18 6 11 8 9 -1 27 -5 15 -13 17 -2 -17 -3 22 -20 -21 -8 -4 -14 -25 -22 -7 -6 -29 -30
right_child=1 2 4 5 10 26 21 -9 -10 -11 -12 13 23 -15 -16 16 -18 -19 19 20 25 -23 -24 24 -26 -27 -28 28 29 -31
leaf_value=-0.050053163090765629 -0.031025059977143145 -0.020286297399550846 -0.00028265890640944346 -0.038586176951703098 0.045422365630475185 0.0056438958066553279 -0.051952534276731334 -0.05037884369226199 0.048356229307277003 0.1420837276168383 0.014927696040960635 0.02469365316278873 0.076541350598828675 0.11848405750018208 -0.049384126067184161 0.01256916612998385 0.075243109871771963 0.049558130032238662 -0.050047698175962108 0.011646348277235355 -0.012389556670143142 -0.1317621293819827 -0.017923077112525186 0.030844682814677279 0.13871461736012847 0.0053060387870815552 0.10300937254925278 0.34318276233774642 0.066788196503503941 0.30354116880713078
leaf_weight=46.828731502231221 14.761105645870316 461.35293910400634 212.3020894891616 12.915396967325668 36.06455614792165 5.3703742737998228 14.614177146427584 843.9840547985408 20.076785332581153 2.6007843656116156 146.06989270804888 32.266016224069134 82.468682343022337 8.7738962116392809 74.943512349485786 37.681624983259098 27.929336897272151 9.950325315575979 41.828067360387649 378.65427740125824 258.12894515193096 14.6201414720573 362.4966133348579 58.439250899930812 8.6359484179608454 203.45430421248744 10.397019921364787 0.76217248197645693 9.3653501035462892 1.0179392439857977
leaf_count=46234 403 336083 143053 464 15496 1663 498 1160866 3486 1069 6890 3523 661 586 82141 450 228 2821 45627 15907 8045 374 219172 564 600 9083 214 206 2413 221
internal_value=-0.0134498 -0.00108025 -0.00633378 0.0340057 -0.000814728 -0.00248944 -0.0161997 -0.0476442 -0.0144384 -0.0399437 0.0259451 0.0247979 0.0497133 0.044745 -0.0230062 0.0263419 0.0392483 -0.0188117 -0.00436492 0.000224444 0.00272705 -0.0918655 -0.0114076 0.0622743 0.044733 -0.00458978 0.0698467 0.0600335 0.107312 0.0899986
internal_weight=3438.75 2525.26 2196.39 328.873 1650.14 98.957 83.1896 913.49 69.5063 49.4295 193.28 53.9553 229.916 41.0399 546.247 80.3721 65.611 471.303 1456.86 882.066 840.238 29.2343 574.799 149.544 67.0752 461.583 15.7674 47.21 11.1455 10.3833
internal_count=2109041 897386 887158 10228 466113 7322 5445 1211655 50789 47303 25226 4573 2906 4109 421045 1081 678 338904 440887 78662 33035 872 362225 1825 1164 17128 1877 18336 2840 2634
cat_boundaries=0 1 2 3 4 5 6
cat_threshold=1 1 1 1 1 2
is_linear=0
shrinkage=0.05


Tree=22
num_leaves=31
num_cat=0
split_feature=3 6 1 1 1 10 1 1 1 10 1 1 1 4 1 1 1 10 10 10 6 9 9 10 10 10 10 1 6 9
split_gain=544.288 112.978 84.4168 89.3305 69.3745 58.3089 50.0475 39.571 42.7206 35.7385 29.8417 27.6928 37.5112 23.3493 23.3042 21.8664 47.4597 53.4691 19.2253 31.6979 59.0466 30.3056 22.0037 15.7645 16.4571 16.9066 12.7648 12.6138 12.499 37.3722
threshold=1.0000000180025095e-35 1.0000000180025095e-35 10.154628490685154 15.402690112946253 15.402690112946253 265.50000000000006 13.687448938718529 14.510441449307644 14.910553791267974 43.500000000000007 12.312228772086291 12.978914638555173 11.058885653228225 1.0000000180025095e-35 9.0127932849894687 13.745606063811632 13.874745427417059 2.5000000000000004 25.500000000000004 43.500000000000007 2896298.1050000004 7.5000000000000009 41.500000000000007 162.50000000000003 71.500000000000014 59.500000000000007 8.5000000000000018 10.929856066070075 6859185.9800000014 13.500000000000002
decision_type=2 2 2 2 2 8 2 2 2 10 2 2 2 2 2 2 2 8 10 8 2 2 2 8 10 10 10 2 2 2
left_child=4 2 9 5 7 15 11 -1 18 14 -7 12 -3 -6 -2 27 17 -17 22 20 -20 -22 -9 24 25 -11 -14 -4 -21 -30
right_child=1 6 3 -5 13 10 -8 8 -10 23 -12 -13 26 -15 -16 16 -18 -19 19 28 21 -23 -24 -25 -26 -27 -28 -29 29 -31
leaf_value=-0.048443468422709024 0.002398744114659436 0.0074822979957092726 0.041582273005171984 -0.028257012910441876 0.083515132890696453 0.0080421503936636725 -0.062696655639475837 -0.25789245506143949 -0.050124431997969676 0.06718837871884803 0.024108543114808353 0.0091605378201163531 -0.028368409629980679 -0.053024910301441498 -0.062143448547405215 -0.96313917628594803 -0.039206394701166408 -0.19754013819572327 -3.0558376794382873 -0.050010138938225313 -2.5243238404664354 -0.44071482167117387 -1.5571039349578575 0.35909207084697559 -0.0029420375830471008 0.42863152293655982 -0.014204140957416686 -0.017725531828319718 -2.7615284489821565 -0.050011009313593494
leaf_weight=847.23143301812274 17.797486239243653 143.38379100898055 9.7073151521044689 138.84566939461979 13.348194345831873 495.59177390567504 51.55097840087717 1.8458396257832159 2.5167217364069074 0.85188033501185489 693.38923397984343 131.5957652397301 298.30239701605393 4.0906137475976712 65.302514225705636 0.30569851276231808 4.584721949059869 0.89790114618745076 0.03326757253762494 0.17015548423660223 0.020207061312903618 0.1279702288334624 0.033175069800790769 0.48822167904290825 3.1500584802997764 0.52164389275731082 340.76739124919283 117.27836437959331 0.018439275181837286 0.040881350360171806
leaf_count=1194701 1056 71174 6048 1119 64 80062 42498 5681 4238 266 68026 69672 228484 5153 4863 119 3759 682 187 873 126 651 173 97 595 95 241063 77491 133 208
internal_value=-0.0131338 -0.00134145 0.00702751 0.00989466 -0.0472345 0.0139024 -0.0147643 -0.0492551 -0.192312 -0.0405003 0.0174117 -0.012061 -0.0156301 0.051487 -0.0483205 -0.0175239 -0.112563 -0.391992 -0.348581 -0.658381 -1.15224 -0.724858 -0.280831 0.0891652 0.0600325 0.204459 -0.0208157 -0.0131918 -0.267891 -0.892861
internal_weight=3383.79 2514.31 1548.71 1460.6 869.477 1321.76 965.6 852.038 4.80666 88.1118 1188.98 914.049 782.454 17.4388 83.1 132.774 5.78832 1.2036 2.28994 0.410921 0.181445 0.148177 1.87901 5.0118 4.52358 1.37352 639.07 126.986 0.229476 0.0593206
internal_count=2109357 897169 244278 237306 1212188 236187 652891 1206971 12270 6972 148088 610393 540721 5217 5919 88099 4560 801 8032 2178 964 777 5854 1053 956 361 469547 83539 1214 341
is_linear=0
shrinkage=0.05


Tree=23
num_leaves=31
num_cat=0
split_feature=3 2 2 1 10 1 10 1 1 1 2 1 1 6 2 6 2 2 10 1 9 2 1 9 2 6 6 9 2 1
split_gain=530.984 210.698 112.774 72.1241 58.2815 55.7233 49.8545 64.4684 39.6483 28.8325 56.1383 28.3087 29.2608 25.3485 25.6788 34.0115 27.1662 60.1849 24.1223 23.8059 22.9343 145.476 391.732 38.9495 21.8975 42.1905 85.38 52.1874 65.3848 20.9885
threshold=1.0000000180025095e-35 9.5000000000000018 20.500000000000004 15.402690112946253 2.5000000000000004 12.2668856731106 27.500000000000004 15.402690112946253 13.687448938718529 13.217528710294902 8.5000000000000018 14.510441449307644 14.910553791267974 9844871.4550000019 1.5000000000000002 28885.085000000003 7.5000000000000009 2.5000000000000004 30.500000000000004 13.311574132126013 24.500000000000004 10.500000000000002 14.67370131514023 25.500000000000004 17.500000000000004 2896298.1050000004 2618133.8150000004 8.5000000000000018 19.500000000000004 7.9333074112982738
decision_type=2 2 2 2 8 2 8 2 2 2 2 2 2 2 2 2 2 2 8 2 2 2 2 2 2 2 2 2 2 2
left_child=3 4 6 11 -2 -4 8 -8 29 13 -11 -1 20 14 -6 -16 17 -17 -15 -12 24 22 -22 -23 -13 26 -26 28 -27 -3
right_child=1 2 5 -5 9 -7 7 -9 -10 10 19 12 -14 18 15 16 -18 -19 -20 -21 21 23 -24 -25 25 27 -28 -29 -30 -31
leaf_value=-0.048609653534097769 -0.054047585351727656 0.10607341961419942 0.0011198402281959216 0.053491557853138742 0.0050537850108067382 0.048655390126034877 -0.0033822588969817761 -0.041767483387684795 -0.080459907761807337 0.075358448173951362 0.18704626157160836 -0.14386272857667642 -0.05011873980715055 0.0075538239789613637 0.050358777318810326 0.060643687816916196 0.029648154676910073 -0.11203281154919341 -0.31154148174691948 -0.0051765067100036878 -9.8213257555551063 -2.1901411347031732 -0.050008671142715233 -0.050008638164890221 -0.050008247135727713 -3.3731091150249632 -3.9537844419964552 -0.13421425182457522 -0.050008518444006125 -0.0226044723406153
leaf_weight=806.74384660435749 19.636233893963606 3.1901453718835446 128.08400886933077 17.424363336351234 92.904823770164512 118.86397178313928 1203.0886463450774 120.32519405721359 30.589208242736788 90.323083271460206 1.6844401683192618 1.4962987330588498 2.3995943011250347 1.31057353131473 140.57679377066302 8.5972903578076671 40.256003177491948 12.216769514900859 1.0806150542921384 36.793104874461996 0.015332099175054625 0.023362011528661242 0.030987482770797214 0.23627218051319687 0.030972867416423355 0.030044132130651588 0.025569121296200592 0.36017362206515258 0.029177861633867166 476.56072123599614
leaf_count=1194044 3071 393 32651 5181 4310 17361 375010 1948 25919 1715 538 3812 4249 389 12666 267 21212 374 177 5749 176 143 202 1528 275 236 181 1223 277 393558
internal_value=-0.0124333 -0.00103919 -0.00772011 -0.0471594 0.0301724 0.0240002 -0.0119918 -0.00687226 -0.0252679 0.0340568 0.0538135 -0.0493208 -0.171967 0.0254872 0.0268035 0.0368242 0.00566904 -0.0407084 -0.13665 0.00323847 -0.300309 -0.70309 -3.28438 -0.242579 -0.237825 -0.533233 -1.81535 -0.36038 -1.73586 -0.0217488
internal_weight=3354.93 2526.08 2080.7 828.846 445.38 246.948 1833.75 1323.41 510.34 425.743 128.801 811.422 4.67778 296.943 294.552 201.647 61.0701 20.8141 2.39119 38.4775 2.27819 0.305954 0.0463196 0.259634 1.97224 0.475938 0.056542 0.419396 0.059222 479.751
internal_count=2108835 897308 846840 1211527 50468 50012 796828 376958 419870 47397 8002 1206346 12302 39395 38829 34519 21853 641 566 6287 8053 2049 378 1671 6004 2192 456 1736 513 393951
is_linear=0
shrinkage=0.05


Tree=24
num_leaves=31
num_cat=3
split_feature=3 10 1 1 0 1 6 1 1 0 1 1 1 1 1 0 1 1 1 1 9 10 1 4 10 10 10 10 6 6
split_gain=514.558 109.527 70.3296 69.7463 69.0184 181.172 85.2359 56.4126 59.2783 37.12 205.773 66.7422 32.5248 31.2012 30.1657 75.1632 28.964 34.6354 28.7753 39.9828 23.4698 23.3676 28.6949 20.7364 18.4148 18.1342 17.2201 16.9885 16.8845 15.4779
threshold=1.0000000180025095e-35 27.500000000000004 15.402690112946253 15.402690112946253 0 10.043864956150427 1.0000000180025095e-35 12.995994908909696 10.538033219411231 1 13.806965179278382 13.874745427417059 10.857820900031909 13.575949301614788 14.510441449307644 2 10.637495686855566 12.744268498744946 13.687448938718529 13.387048948663738 1.0000000180025095e-35 34.500000000000007 13.115313736718303 1.0000000180025095e-35 86.500000000000014 24.500000000000004 4.5000000000000009 167.50000000000003 361614.00000000006 69893.395000000019
decision_type=2 8 2 2 1 2 2 2 2 1 2 2 2 2 2 1 2 2 2 2 2 8 2 2 8 8 10 10 2 2
left_child=2 9 14 4 7 -6 12 8 27 -2 16 -12 -7 21 -1 -16 29 -18 19 -19 -14 22 -9 -4 -10 26 -21 -3 -24 -11
right_child=1 3 23 -5 5 6 -8 13 24 10 11 -13 20 -15 15 -17 17 18 -20 25 -22 -23 28 -25 -26 -27 -28 -29 -30 -31
leaf_value=-0.048407230666078632 -0.049950484828573935 0.031806732058957669 0.078952355313233497 -0.029342948433973337 -0.065492974746348062 -0.0028276136202349694 -0.050058900351563455 -0.050307412631352424 -0.0029348233925929642 0.078125743021480024 -1.7520690367896063 -0.32923952307876841 0.02759627215904242 -0.0090877866801513073 -0.050095710139630947 -0.50415870100745963 -0.024253451656225538 0.0050903830413150239 -0.054115376038656959 0.048403623130582475 -0.050253087617376041 0.047499459749905118 0.45749286721545812 -0.05161396224134468 -0.02324798949549144 -0.05780955546835255 0.17548574506392359 0.21244526997801155 0.16758229902166513 0.0088467788542522362
leaf_weight=768.6418790094566 82.223913823725979 59.98738273102299 14.118492215871813 134.04323447692468 64.689218569939612 103.82486649870418 40.820523392340533 0.85083051887347183 168.65938761486871 9.7737590746952474 0.22107841077031065 0.13141229901412177 881.97530297283083 28.729335878084775 3.2290112919537135 1.2698246507129729 381.75543914130958 85.788155433196152 16.464472851308528 4.5265495816711301 9.7888894436564424 52.662339877158956 0.89835330106871003 3.875749676488339 329.6237551630087 1.5817170038353658 6.4841586900656694 1.3304541140096251 1.1389672672739832 46.035371972691792
leaf_count=1194276 91899 20391 71 2114 706 827 42385 380 107777 4576 21 259 27025 611 12167 17 296474 54302 78 992 7139 18870 160 5169 198734 83 893 263 216 20461
internal_value=-0.0117203 -0.000653201 -0.0468885 0.00541365 0.00808353 0.0156876 0.0207546 -0.0049202 -0.0106637 -0.018606 -0.0139434 -1.22162 0.0236581 0.0332156 -0.0491628 -0.178258 -0.0131728 -0.0170109 0.0070639 0.0173026 0.0267417 0.0550939 0.193569 0.0508299 -0.0163724 0.1005 0.123242 0.0357262 0.295418 0.0209795
internal_weight=3305.14 2514.01 791.135 1879.02 1744.98 1101.1 1036.41 643.881 559.601 634.986 552.762 0.352491 995.589 84.2798 773.141 4.49884 552.41 496.6 114.845 98.3806 891.764 55.5505 2.88815 17.9942 498.283 12.5924 11.0107 61.3178 2.03732 55.8091
internal_count=2109336 897636 1211700 427598 425484 78082 77376 347402 327165 470038 378139 280 34991 20237 1206460 12184 377859 352822 56348 56270 34164 19626 756 5240 306511 1968 1885 20654 376 25037
cat_boundaries=0 1 2 3
cat_threshold=1 2 2
is_linear=0
shrinkage=0.05


Tree=25
num_leaves=31
num_cat=3
split_feature=3 2 2 1 6 1 10 1 1 0 0 1 1 6 1 2 2 0 1 2 2 1 2 6 1 1 4 2 2 1
split_gain=500.288 154.374 63.0957 56.1398 54.8317 50.5293 49.8985 48.5135 37.455 69.9478 36.1797 43.7651 29.6998 32.2606 26.9808 97.7801 21.3162 44.8383 35.5252 20.7399 63.3772 41.7547 27.5009 21.981 21.2657 27.4327 19.8061 19.4794 40.5169 36.3952
threshold=1.0000000180025095e-35 9.5000000000000018 20.500000000000004 15.402690112946253 1.0000000180025095e-35 14.013189955546205 8.5000000000000018 15.402690112946253 14.510441449307644 0 1 10.344799740695134 12.646486502365432 811627.66500000015 12.817716981034911 13.500000000000002 19.500000000000004 2 13.941986553355749 2.5000000000000004 7.5000000000000009 12.961867552988101 8.5000000000000018 127037.69500000002 11.598569349030837 12.744268498744946 1.0000000180025095e-35 1.5000000000000002 6.5000000000000009 13.575949301614788
decision_type=2 2 2 2 2 2 8 2 2 1 1 2 2 2 2 2 2 1 2 2 2 2 2 2 2 2 2 2 2 2
left_child=3 4 6 8 27 10 -3 14 -1 -10 12 -12 -4 -14 -8 -16 -17 -18 -19 23 21 -21 -22 24 -6 -26 -5 29 -29 -2
right_child=1 2 5 26 19 -7 7 -9 9 -11 11 -13 13 -15 15 16 17 18 -20 20 22 -23 -24 -25 25 -27 -28 28 -30 -31
leaf_value=-0.048395346376663158 0.00079167279127303949 -0.029426868860829222 0.019763955348104767 0.076962504658675338 0.032196747168838968 0.092083236909270075 -0.0091314974804588053 -0.037915623219530244 -0.05014790021986109 -0.45485339899141142 -0.090891119504607168 0.0034151051748571777 0.14526395106607579 0.015950429046384943 -0.016421609431972795 0.022417716739090654 0.28450657309534283 0.017687333225618142 0.17454636561992179 -0.091832220896200883 0.067649514466847235 0.088637923383271977 -0.0066358529677898147 0.046028462077945143 -0.12333163387308471 0.074130826844028941 -0.052988358022391484 0.073125406685802016 0.029111557737130773 0.086272103448217369
leaf_weight=733.27322064784062 67.437713193675165 278.84411794746256 70.09846416965587 12.096762225031851 9.6305148384999075 20.378663576122847 904.16753170830111 113.33320553276462 3.0988899352764721 1.6288613299077512 13.564206532080901 132.24084046174539 11.148408693701471 8.5007116188826881 260.00570554434296 232.4009894535551 2.2449054362043626 17.540549859957544 4.5448499334161161 28.241418592974796 18.040006216304761 3.6153455807257329 40.271359751208593 37.734712224339503 6.9949052136507799 2.3497431167014042 3.870214993658009 81.578979988837517 145.62383625626012 15.272390306130971
leaf_count=1195664 947 246746 33351 62 262 1168 425244 2629 12111 23 344 12330 1347 1481 62859 54922 506 3380 378 614 2069 329 29536 3893 299 122 5105 641 11832 92
internal_value=-0.0115508 -0.000881484 -0.00668959 -0.047293 0.025426 0.0165504 -0.0099701 -0.00643387 -0.0492998 -0.189582 0.0100157 -0.00535818 0.0349923 0.0893196 -0.00392285 0.00519106 0.0270794 0.0716071 0.0499666 0.000262699 -0.0146377 -0.0713511 0.0163461 0.0239542 -0.0199436 -0.073679 0.0454639 0.0373518 0.0449151 0.0165756
internal_weight=3279.77 2525.8 2069.01 753.968 456.791 255.931 1813.08 1534.24 738.001 4.72775 235.553 145.805 89.7476 19.6491 1420.9 516.737 256.731 24.3303 22.0854 146.878 90.1681 31.8568 58.3114 56.7099 18.9752 9.34465 15.967 309.913 227.203 82.7101
internal_count=2110286 897321 846685 1212965 50636 50021 796664 549918 1207798 12134 48853 12674 36179 2828 547289 122045 59186 4264 3758 37124 32548 943 31605 4576 683 421 5167 13512 12473 1039
cat_boundaries=0 1 2 3
cat_threshold=2 1 1
is_linear=0
shrinkage=0.05


Tree=26
num_leaves=31
num_cat=2
split_feature=3 2 7 1 1 2 10 1 2 2 1 0 1 1 0 1 10 6 2 2 2 6 10 2 2 6 1 2 2 6
split_gain=459.937 151.795 69.8539 67.0229 57.6341 81.9045 50.9515 35.6397 79.8017 28.7253 36.5998 41.4681 34.0603 28.3538 25.1439 79.0757 43.1977 34.6974 28.5951 49.1049 26.6915 84.3259 46.6945 41.8852 29.3883 65.1666 35.6987 21.9972 20.763 23.9701
threshold=1.0000000180025095e-35 9.5000000000000018 1.0000000180025095e-35 15.402690112946253 15.402690112946253 17.500000000000004 2.5000000000000004 12.721850421883564 13.500000000000002 19.500000000000004 14.171092201576798 0 13.162592005416499 13.687448938718529 1 13.217528710294902 2.5000000000000004 1.0000000180025095e-35 1.0000000180025095e-35 6.5000000000000009 1.0000000180025095e-35 92083.890000000014 26.500000000000004 6.5000000000000009 2.5000000000000004 127037.69500000002 11.560747541622968 14.500000000000002 8.5000000000000018 4069293.9400000009
decision_type=2 2 2 2 2 2 8 2 2 2 2 1 2 2 1 2 10 2 2 2 2 2 10 2 2 2 2 2 2 2
left_child=3 6 4 -1 7 27 -2 -3 -9 -10 11 -11 -13 -4 15 20 18 -17 -16 -20 21 22 -8 24 25 26 -22 -6 29 -25
right_child=1 2 13 -5 5 -7 14 8 9 10 -12 12 -14 -15 16 17 -18 -19 19 -21 23 -23 -24 28 -26 -27 -28 -29 -30 -31
leaf_value=-0.049117486161760086 -0.054440516363934016 -0.0056423431072940115 -0.020607834324635182 0.049264492638960759 0.0040063090644838276 0.11621916418605552 0.26129686979642425 -0.012078753337498947 0.016567129912266255 0.019200728737470057 0.11432048616526823 0.060864668154851642 0.23650721287147741 -0.07268243853506938 0.00055457784365696937 0.31673477280076634 -0.052475056273400628 0.091985418181614487 0.073133463805198015 0.026265243605879108 -0.0036058723480472872 0.022074542540277339 0.89996171834726002 0.070298187499828468 -0.098716311889281122 0.059309486759632692 -0.10755033465099564 -0.057572158391739729 0.0011658987745118291 -0.11307927829868002
leaf_weight=701.98466288880672 19.493182975990521 868.31096314943261 467.68855932183118 17.749105227354448 17.293642138747671 8.2111117965039409 1.2837819335981624 234.105455113608 242.46847427579735 68.77894594380632 17.42337061030571 8.4976925492519317 4.0879218813990574 27.687070557003665 36.013700025796425 1.9685968886074743 12.715537195516047 13.451327628378623 106.569357451619 117.5114856963919 15.706635288894175 11.703482829616403 0.36829854722600419 24.380038337669934 13.760445927002818 18.289704739116132 17.4230000898242 89.863639985591504 45.847481839824468 1.9225743632996444
leaf_count=1206283 3107 321856 392209 5232 344 98 303 46269 51828 5546 526 1528 132 25213 353 295 7647 801 751 3351 105 1625 134 1461 208 668 103 1686 29605 40
internal_value=-0.0114509 -0.00135717 -0.00716213 -0.0466913 -0.00196505 -0.0359723 0.0246585 0.000752582 0.0104035 0.0258266 0.0485534 0.03447 0.117915 -0.0235183 0.0281715 0.0128347 0.0375095 0.120678 0.0419087 0.048555 0.00179886 0.0692784 0.403675 -0.00476364 -0.0338159 -0.0164478 -0.0582707 -0.0476343 0.0214819 0.0568943
internal_weight=3232.56 2512.83 2054.42 719.734 1559.04 115.368 458.409 1443.67 575.362 341.256 98.7879 81.3646 12.5856 495.376 438.915 166.105 272.81 15.4199 260.095 224.081 150.685 13.3556 1.65208 137.33 65.1798 51.4193 33.1296 107.157 72.1501 26.3026
internal_count=2109307 897792 847235 1211515 429813 2128 50557 427685 105829 59560 7732 7206 1660 417422 47450 35348 12102 1096 4455 4102 34252 2062 437 32190 1084 876 208 2030 31106 1501
cat_boundaries=0 1 2
cat_threshold=2 1
is_linear=0
shrinkage=0.05


Tree=27
num_leaves=31
num_cat=6
split_feature=3 2 2 1 1 10 1 2 0 10 6 1 0 0 1 0 1 1 2 1 2 1 1 0 1 0 2 1 2 1
split_gain=435.096 112.353 65.8422 58.2811 50.4443 46.8811 46.2982 55.6083 40.6109 31.1003 22.9383 41.811 58.2072 37.8129 36.141 32.6949 23.6022 24.6104 30.2602 22.9823 42.6563 22.5621 21.6727 51.6623 21.4352 25.0542 20.6972 20.6024 20.137 21.5611
threshold=1.0000000180025095e-35 8.5000000000000018 21.500000000000004 13.472774303176271 15.402690112946253 8.5000000000000018 15.402690112946253 17.500000000000004 0 2.5000000000000004 1.0000000180025095e-35 10.298470750191994 1 2 13.745606063811632 3 14.910553791267974 11.691902434858731 10.500000000000002 13.138403858178005 17.500000000000004 11.691902434858731 14.510441449307644 4 14.090781772065448 5 14.500000000000002 10.344799740695134 19.500000000000004 14.171092201576798
decision_type=2 2 2 2 2 8 2 2 1 8 2 2 1 1 2 1 2 2 2 2 2 2 2 1 2 1 2 2 2 2
left_child=4 3 5 9 22 -3 10 26 -5 -2 11 15 16 14 -12 -7 17 18 -13 20 -19 -11 -1 -24 25 -4 -8 -27 -21 -30
right_child=1 2 24 8 -6 6 7 -9 -10 21 13 12 -14 -15 -16 -17 -18 19 -20 28 -22 -23 23 -25 -26 27 -28 -29 29 -31
leaf_value=-0.047923312337606216 -0.052807588581704007 -0.027104313297005925 0.046376635179795206 0.19395911370084737 0.043011459011925171 0.025876663074018709 0.00061989712852915965 0.12250731552165176 0.055055627701512677 0.037577581612528721 -0.0056340466924625771 0.061072978035167508 -0.015793042644353619 -0.050042681205933442 -0.17530408696310049 -0.048239440215635067 -0.016094033968154751 0.05180131932864325 -0.0097103326378311823 0.006213179284879332 0.0064778807802118995 0.0072374782098142132 -0.050134787903014136 -0.4464558803470744 0.089044053584233229 -0.074824990475735043 -0.053931248831170557 0.010976965858740348 0.026585322276635043 0.13004432856875767
leaf_weight=664.87709796745844 15.957046960972802 282.50187630171433 55.60474722258067 5.7585389196789265 15.364202142285647 19.042506381288547 21.621097175715008 5.3027625107298055 61.033468848905613 100.77286478894004 446.60797318135155 16.822526414762251 269.38367731081371 57.034258673607837 3.1607713697123918 68.067160140838325 70.575797273369972 120.90870990772964 147.38197072490584 257.21617770538433 90.973140178830363 156.33533248644281 2.8466640273060326 1.1562802147364974 12.163822763769927 7.6414466300922177 88.805522996822162 82.854151925654151 21.519185596436731 6.5744061309378585
leaf_count=1195010 1063 259689 16419 325 5204 7030 603 64 1172 2412 318954 257 166589 72392 156 472 965 7607 2459 18126 4848 5179 12267 17 695 226 2139 6873 1140 73
internal_value=-0.0112485 -0.00155018 -0.0057698 0.0251658 -0.0465641 -0.00823418 -0.00511854 -0.0356553 0.0670313 0.0149254 -0.00290324 0.00118792 0.00407824 -0.0116899 -0.00682641 -0.0320374 0.0113914 0.0143243 -0.00245868 0.0198671 0.0323413 0.0191292 -0.0486217 -0.164615 0.0252716 0.0199622 -0.0432503 0.00373185 0.0106032 0.0507966
internal_weight=3175.87 2491.62 2151.76 339.857 684.244 1993.5 1711 115.729 66.792 273.065 1595.27 1088.47 1001.36 506.803 449.769 87.1097 731.972 661.396 164.204 497.192 211.882 257.108 668.88 4.00294 158.264 146.1 110.427 90.4956 285.31 28.0936
internal_count=2110425 897927 887776 10151 1212498 863563 603874 2806 1497 8654 601068 209566 202064 391502 319110 7502 35475 34510 2716 31794 12455 7591 1207294 12284 24213 23518 2742 7099 19339 1213
cat_boundaries=0 1 2 3 4 5 6
cat_threshold=1 2 1 1 2 1
is_linear=0
shrinkage=0.05


Tree=28
num_leaves=31
num_cat=0
split_feature=3 2 2 1 10 1 1 6 1 1 1 2 1 2 2 1 6 6 1 4 8 1 6 1 6 9 2 1 2 1
split_gain=426.652 113.855 66.6761 53.0544 41.1991 50.4029 37.9905 37.4184 30.2626 25.8587 24.7167 22.0509 20.5777 20.3615 55.7238 27.6436 23.107 21.8694 27.5146 19.4695 18.4261 18.3665 21.1083 24.5841 69.2432 20.7205 17.6877 27.8463 16.849 18.2271
threshold=1.0000000180025095e-35 9.5000000000000018 20.500000000000004 15.402690112946253 61.500000000000007 15.402690112946253 11.017498586231406 1.0000000180025095e-35 13.687448938718529 14.171092201576798 10.807921469369189 17.500000000000004 12.978914638555173 2.5000000000000004 7.5000000000000009 12.872318290309426 1062722.5350000004 87400.385000000024 11.384578211445572 1.0000000180025095e-35 59824.37000000001 10.502059045965089 1.0000000180025095e-35 10.538033219411231 227980.83000000005 1.5000000000000002 8.5000000000000018 14.510441449307644 1.5000000000000002 13.521582412180257
decision_type=2 2 2 2 8 2 2 2 2 2 2 2 2 2 2 2 2 2 2 2 2 2 2 2 2 2 2 2 2 2
left_child=3 7 4 -1 8 21 -4 20 10 -8 11 -3 -12 17 15 16 -15 18 -9 -5 26 25 -23 24 -24 -6 27 28 29 -2
right_child=1 2 6 19 5 -7 9 13 -10 -11 12 -13 -14 14 -16 -17 -18 -19 -20 -21 -22 22 23 -25 -26 -27 -28 -29 -30 -31
leaf_value=-0.049000649288976968 0.0033118709215547147 0.035600330965901192 -0.02319044824178498 0.073596219250059866 -0.026785853493603226 -0.037392256510642527 0.020638754090807451 0.05619651393941906 -0.067571703415034087 0.081090723800236256 -0.026339459317562021 -0.022405090624899784 0.0016645091377449608 -0.047721639470381549 0.015231341609091184 0.063867078779499167 -0.13831753600017566 0.039089247162981323 -0.085403144618923954 -0.053020926319764565 -0.050088155058543082 0.0040153758415072422 -0.050086798561497253 -0.017822093541876916 1.185602584751825 0.053816953521148729 0.011482600398636106 0.081965969766302507 0.043802018010975247 0.070129697350397688
leaf_weight=637.53787694450421 64.355891833843515 37.908241756202244 47.721566470091773 12.284710213541986 102.93229775706772 106.51106813201159 193.24863646211185 5.573737249011109 32.605964273077461 19.472382221204725 413.24908453214448 28.856355595070738 77.976985150191467 19.435087602803883 59.690594235509437 3.7190487355484789 11.034237103690598 48.161463201987196 8.9225788442307259 4.0326917215716085 6.8983523967360147 818.44528155772423 0.37846604571677644 146.20453480746005 0.16185375000350177 8.6428213355719077 75.304602000203715 32.925857733835727 122.84649222201989 12.130167657937362
leaf_count=1207072 829 21607 7234 67 10742 1358 41899 147 32193 961 390414 16530 56107 452 31580 351 144 4087 367 5135 1815 152317 229 112996 101 2722 9254 193 1312 70
internal_value=-0.0107546 -0.00136749 -0.00649628 -0.0467221 -0.00996477 -0.00458139 0.0171276 0.0207846 -0.0207505 0.0261725 -0.0180145 0.0105298 -0.0218941 0.000809992 -0.0139223 -0.0648226 -0.0805303 0.0228831 -0.030959 0.042304 0.0307278 -0.00133582 0.000884419 -0.016578 0.320066 -0.0205422 0.0325405 0.039368 0.0323316 0.0139087
internal_weight=3159.17 2505.31 2034.32 653.855 1773.87 1183.28 260.443 470.998 590.597 212.721 557.991 66.7646 491.226 156.537 93.879 34.1884 30.4693 62.6578 14.4963 16.3174 314.461 1076.77 965.19 146.745 0.54032 111.575 307.563 232.258 199.333 76.4861
internal_count=2110285 898011 847410 1212274 797316 280465 50094 50601 516851 42860 484658 38137 446521 37128 32527 947 596 4601 514 5202 13473 279107 265643 113326 330 13464 11658 2404 2211 899
is_linear=0
shrinkage=0.05


Tree=29
num_leaves=31
num_cat=4
split_feature=3 10 1 1 6 0 1 0 0 9 1 1 1 1 1 10 1 0 1 1 1 1 4 1 10 1 1 1 10 1
split_gain=406.29 69.7167 43.8902 36.0793 37.7972 57.7651 56.6781 74.6115 74.4139 28.4179 30.2311 27.3637 27.3583 36.8216 30.8961 27.6629 24.4392 60.542 23.5739 20.5785 23.6839 20.0645 17.8039 17.3269 17.2478 22.6713 17.0584 16.7119 16.6329 15.3016
threshold=1.0000000180025095e-35 5.5000000000000009 15.402690112946253 15.402690112946253 1.0000000180025095e-35 0 10.207062412506554 1 2 1.0000000180025095e-35 10.952431278724815 13.217528710294902 13.745606063811632 12.978914638555173 11.058885653228225 16.500000000000004 14.510441449307644 3 10.604141114559347 13.246392059414136 12.097249530541101 13.745606063811632 1.0000000180025095e-35 13.687448938718529 9.5000000000000018 13.575949301614788 10.699817140828189 12.446435097027097 43.500000000000007 13.575949301614788
decision_type=2 8 2 2 2 1 2 1 1 2 2 2 2 2 2 8 2 1 2 2 2 2 2 2 8 2 2 2 10 2
left_child=2 18 16 4 6 12 8 11 -3 10 -9 26 13 14 -6 -14 -1 -18 -2 20 -12 -13 -4 -20 25 -15 -8 -22 -17 -26
right_child=1 3 22 -5 5 -7 7 9 -10 -11 19 21 15 24 -16 28 17 -19 23 -21 27 -23 -24 -25 29 -27 -28 -29 -30 -31
leaf_value=-0.047789027750337221 0.02081380824960484 0.054906867817448052 0.072003450105163083 -0.024924334503933363 0.018193850144539937 -0.050065865131703295 0.039226852264885773 -0.008048607654012092 -0.052610426059946383 -0.051209491118775201 0.016634701978889225 0.068937756406797404 0.015636980918644232 0.072877156431229745 -0.012344412428333344 -0.34568027554915809 -0.50615857423511712 -0.050122225642771467 -0.026446425050953539 0.012736016865382629 0.061330936093042222 -0.056051890866291067 -0.052929957551838824 -0.083099978334048474 0.038203083377181181 0.36108290065763432 -0.017669727783280628 0.031233650193254539 -0.1044271328981177 -0.006713399268165228
leaf_weight=603.43495135247679 25.459696149089183 20.501941492896322 10.787498556077479 120.8850580763883 104.6556215622461 68.763720264072276 13.831982989679089 100.53415263071656 74.834026755899004 15.069261615539288 239.40773974359035 16.576840774023331 2.2089016881185817 5.0932395238341988 397.03317904932192 1.3700033834969174 1.0128539131542387 2.585724174274552 235.97812549900743 419.62440465483814 61.327357467263937 3.9821921865025542 3.8763791593373744 14.314755928738206 55.774924391921559 0.78791653178632248 276.78978527329627 186.0278761414811 1.4930242584561118 28.72730459086597
leaf_count=1194902 12442 6402 60 3029 45720 83605 7612 727 574 11723 3609 3049 92 989 288411 147 17 12249 207062 13865 2207 172 5187 13114 21259 13 163414 7298 91 250
internal_value=-0.0103398 -0.00131549 -0.0464989 0.00163565 0.00316863 -0.00666927 0.00775464 0.0104179 -0.0294889 0.0169449 0.0179649 -0.0110182 -0.00167197 -0.000681424 -0.00597393 -0.117303 -0.0485638 -0.178478 -0.025024 0.0208503 0.0278453 0.0447278 0.0389774 -0.0296866 0.0286955 0.111489 -0.0149618 0.0386957 -0.219871 0.0229333
internal_weight=3112.75 2491.05 621.697 2215.3 2094.42 665.908 1428.51 1333.17 95.336 1021.99 1006.92 311.181 597.144 592.072 501.689 5.07193 607.034 3.59858 275.753 906.387 486.763 20.559 14.6639 250.293 90.3834 5.88116 290.622 247.355 2.86303 84.5022
internal_count=2109291 896876 1212415 664258 661229 440577 220652 213676 6976 39429 27706 174247 356972 356642 334131 330 1207168 12266 232618 26979 13114 3221 5247 220176 22511 1002 171026 9505 238 21509
cat_boundaries=0 1 2 3 4
cat_threshold=1 1 1 1
is_linear=0
shrinkage=0.05


Tree=30
num_leaves=31
num_cat=0
split_feature=3 2 1 2 1 10 1 2 1 1 1 2 2 1 2 2 10 10 10 10 10 1 5 10 6 6 6 2 6 8
split_gain=393.009 98.4513 50.6297 46.3393 44.6742 40.3227 43.6731 76.1047 36.7497 28.6929 26.0169 38.1158 26.0256 24.4972 29.3581 61.6958 88.3229 205.249 40.242 38.4567 24.375 19.071 22.5386 18.5205 36.9251 51.0688 18.4383 17.2036 23.6102 18.1737
threshold=1.0000000180025095e-35 8.5000000000000018 13.472774303176271 21.500000000000004 15.402690112946253 27.500000000000004 14.910553791267974 17.500000000000004 13.687448938718529 14.510441449307644 12.721850421883564 13.500000000000002 10.500000000000002 14.910553791267974 12.500000000000002 14.500000000000002 15.500000000000002 19.500000000000004 71.500000000000014 38.500000000000007 2.5000000000000004 13.575949301614788 1.0000000180025095e-35 38.500000000000007 198858.40000000005 100800.20500000002 9237887.8600000013 1.5000000000000002 405784.69000000006 365822.37000000005
decision_type=2 2 2 2 2 8 2 2 2 2 2 2 2 2 2 2 10 8 10 10 8 2 2 8 2 2 2 2 2 2
left_child=4 2 20 5 9 8 10 -8 -3 -1 12 21 -7 14 -11 16 -16 -18 -17 -19 -2 23 -23 24 25 -12 27 -22 -29 -30
right_child=1 3 -4 -5 -6 6 7 -9 -10 13 11 -13 -14 -15 15 18 17 19 -20 -21 26 22 -24 -25 -26 -27 -28 28 29 -31
leaf_value=-0.047764006926173996 -0.050024177994332765 -0.016519272769796856 0.060859334047838311 0.020337121316805817 0.039820974198499136 0.019407634296086315 -0.034261999616304516 0.11101578880715779 -0.077899985278990988 -0.11396282907939143 0.16271319809768747 0.021360879189352474 -0.0088893622468290308 -0.050086136544559151 -0.050005939505250119 -0.32922294354103077 -9.3010128552820461 -3.3616411642791935 -2.6436001220393286 -0.05000616482862829 0.0042945790232103388 -0.071739532608768697 -0.010534705614610715 0.0073596429855740863 0.015891126230574152 1.0855873689423738 -0.097482210552775728 0.038694026543113109 -0.045939058828514921 0.059595177700432468
leaf_weight=574.95785595835036 14.208747374015443 464.62531700866839 71.915366419777911 164.16024329449465 14.63004682259634 91.774377225905482 168.04270563508302 9.5257536860682688 25.736164397969901 0.96061933441695502 0.46987496601650436 276.00408362539991 709.03834617066286 1.6989244498836342 0.039975006772699842 0.87044366949416285 0.01078535836500835 0.015092356868943429 0.019196647028741576 0.020915429982411891 114.51213161751184 17.288092054385118 115.75891749322182 94.273226292221807 1.5155335944145916 0.22013096470618621 3.4574456168338648 122.58253988883314 15.671649126637705 5.5149884062654442
leaf_count=1194216 1030 424305 1523 24148 5180 36896 4003 127 28375 2540 296 52300 267650 4258 412 4320 145 199 190 202 4537 8369 6167 33711 1015 138 140 2345 535 128
internal_value=-0.00989995 -0.001175 0.0234938 -0.00518792 -0.0464676 -0.00731032 -0.00320265 -0.0264685 -0.0197408 -0.0486495 -4.01763e-05 0.00884081 -0.00564648 -0.188666 -0.310211 -0.503286 -1.77594 -3.25039 -0.379163 -1.43805 0.0137559 -0.00621455 -0.0184876 0.0107104 0.153935 0.457136 0.0172182 0.0187537 0.0302703 -0.018468
internal_weight=3079.52 2486.3 347.863 2138.43 593.224 1974.27 1483.91 177.568 490.361 578.594 1306.34 505.53 800.813 3.63595 1.93703 0.976408 0.0867682 0.0467931 0.88964 0.0360078 275.948 229.526 133.047 96.4788 2.20554 0.690006 261.739 258.281 143.769 21.1866
internal_count=2109400 897738 10238 887500 1211662 863352 410672 4130 452680 1206482 406542 101996 304546 12266 8008 5468 958 546 4510 401 8715 49696 14536 35160 1449 434 7685 7545 3008 663
is_linear=0
shrinkage=0.05


Tree=31
num_leaves=31
num_cat=5
split_feature=3 10 6 4 0 5 0 0 0 10 9 0 10 10 10 10 8 7 6 8 10 6 10 9 9 9 6 10 8 9
split_gain=378.637 62.6187 30.4991 48.4908 32.399 28.3544 51.2622 26.0505 18.2967 19.4667 18.1961 15.7877 14.4716 12.5673 11.3669 13.9159 10.9463 13.7143 10.7747 26.3163 9.12745 18.2248 13.4915 13.5439 60.6557 9.5668 13.7703 7.04879 7.02257 16.882
threshold=1.0000000180025095e-35 8.5000000000000018 4977.0500000000011 1.0000000180025095e-35 0 1.0000000180025095e-35 1 2 3 2.5000000000000004 1.0000000180025095e-35 4 76.500000000000014 117.50000000000001 84.500000000000014 59.500000000000007 365822.37000000005 1.0000000180025095e-35 522156.15500000009 345679.71500000008 134.50000000000003 1596465.1600000001 124.50000000000001 9.5000000000000018 5.5000000000000009 3.5000000000000004 657187.37500000012 12.500000000000002 330072.09000000003 2.5000000000000004
decision_type=2 8 2 2 1 2 1 1 1 10 2 1 8 10 8 10 2 2 2 2 8 2 8 2 2 2 2 8 2 2
left_child=2 11 3 4 -1 6 -3 12 9 16 -9 -2 28 14 15 18 17 -5 19 -8 22 25 -15 24 -24 26 -22 -20 -7 -30
right_child=1 5 -4 8 -6 7 13 10 -10 -11 -12 -13 -14 20 -16 -17 -18 -19 27 -21 21 -23 23 -25 -26 -27 -28 -29 29 -31
leaf_value=-0.050032743457291341 -0.0165842057108768 -0.050056285838675246 -0.049006676413199252 0.39844283563612726 0.042355320568593736 0.011741206043742741 0.0013095153435488309 0.010342883469372571 -0.003149743618711909 0.035043111948448578 -0.050211891359015937 -0.049713861698026995 -0.011083648215043826 0.030869968851561687 -0.015247142324485919 0.026049685215646875 0.72796355652767164 -0.050102108898370412 0.01771456218379917 0.076312099572057701 0.022464681221843179 0.35437333450304975 0.095156397118652938 -0.053938210184693892 0.7646609768644449 -0.065451216301544754 0.44229241941474196 -0.014140204873627493 0.1738519674758342 -0.024859610936618898
leaf_weight=28.816179698740513 280.38705076044243 60.405540104279908 520.50623675402994 1.0032046936685208 14.148722284001989 52.044336042588995 151.16337497850097 1215.406731316587 0.82608710055228596 0.58682519383728515 12.533646825735785 41.251132950699343 267.05595528303354 4.2957723976846234 137.35747068846598 50.198602217480868 0.19277127587702114 0.20528431999264274 19.50092104831856 12.676055125012651 5.6519898012018226 0.37071589648258019 1.6524056553077011 0.51619955761972836 0.42539429779571936 3.7339384164827782 0.20230857864953566 158.6450879489384 2.2241026166749895 2.0577622580255976
leaf_count=46173 218893 78925 1160570 597 3335 33480 96366 28788 198 312 11262 53117 140983 2503 80416 23532 66 115 8326 8705 2864 215 616 127 124 1779 46 103798 1401 1514
internal_value=-0.00867612 -0.000251963 -0.0455654 -0.00643857 -0.0196085 0.00281539 -0.00634834 0.00639976 0.194632 0.276814 0.0097248 -0.0208332 -0.00622601 -0.00151626 -0.00286887 0.00146646 0.378063 0.322249 -0.00214201 0.00711237 0.0409952 0.0103857 0.0852404 0.17528 0.232226 -0.0029141 0.0369728 -0.0106532 0.0168052 0.0783559
internal_weight=3046.04 2479.76 566.285 45.7791 42.9649 2158.12 606.796 1551.32 2.81417 1.98809 1227.94 321.638 323.382 546.39 529.542 392.184 1.40126 1.20849 341.985 163.839 16.8487 9.95895 6.88977 2.594 2.0778 9.58824 5.8543 178.146 56.3262 4.28186
internal_count=2109146 897780 1211366 50796 49508 625770 408342 217428 1288 1090 40050 272010 177378 329417 321143 240727 778 712 217195 105071 8274 4904 3370 867 740 4689 2910 112124 36395 2915
cat_boundaries=0 1 2 3 4 5
cat_threshold=1 2 1 1 1
is_linear=0
shrinkage=0.05


Tree=32
num_leaves=31
num_cat=3
split_feature=3 10 1 1 1 1 0 1 1 9 1 7 10 1 0 4 8 8 10 9 10 10 1 10 10 0 1 1 7 1
split_gain=378.478 50.9575 46.1353 35.1709 27.0685 26.3235 27.402 104.404 63.9548 44.1794 26.793 22.2578 29.169 18.8384 24.3754 16.6739 15.7875 41.566 30.3151 25.7254 15.4768 19.4062 15.2388 22.9594 13.5984 11.7691 36.4573 18.9265 14.0224 22.9431
threshold=1.0000000180025095e-35 7.5000000000000009 15.402690112946253 15.402690112946253 10.425465408094119 12.961867552988101 0 10.043864956150427 10.857820900031909 1.0000000180025095e-35 11.725075205188753 2.5000000000000004 19.500000000000004 14.510441449307644 1 1.0000000180025095e-35 798910.68000000005 567431.99000000011 12.500000000000002 8.5000000000000018 166.50000000000003 181.50000000000003 7.2317028477503777 95.500000000000014 9.5000000000000018 2 13.806965179278382 12.596363166422391 31.500000000000004 12.042473986256567
decision_type=2 8 2 2 2 2 1 2 2 2 2 2 8 2 1 2 2 2 10 2 10 10 2 8 10 1 2 2 2 2
left_child=2 4 13 5 -2 6 8 -8 11 10 -9 20 16 -1 -15 -4 17 -13 -19 -20 22 -22 23 -3 -10 26 27 28 -6 -30
right_child=1 3 15 -5 25 -7 7 9 24 -11 -12 12 -14 14 -16 -17 -18 18 19 -21 21 -23 -24 -25 -26 -27 -28 -29 29 -31
leaf_value=-0.047634628397277862 0.031007601732060405 -0.010589148668643996 0.069716586491329655 -0.023535475647847491 -0.028178635144569492 0.012597429289922272 -0.050742191031474128 0.0061839893071374379 -0.021352526912816024 -0.050066215369531791 0.028288421726091945 0.0023621887670464041 0.62623736781455575 -0.31245784406593263 -0.05011921456154677 -0.053047166159188523 -0.012487213482398713 0.11084151995747389 0.39740312666135225 1.1737934013411599 0.36888245494108279 0.051247447127045591 0.018107425991165178 0.29047499262475329 -0.0063383086845899776 -0.049775036414363122 -0.46814399383197669 0.0033439044164655452 -0.050070000242463587 0.91728374586306893
leaf_weight=523.30086042103892 24.780068395422916 1.2488049631930374 11.482568785548208 119.21718802860369 169.90020475507893 662.79660669359646 67.587072917507385 258.58110365983157 257.87698350305436 24.993401408659338 291.77696785976514 1.0105247031897304 0.29559537768363942 1.5449213794673988 2.0743401630243001 3.6435480748768887 1.4839921775273976 0.2974445765139534 0.22344824625179172 0.20419598184525967 0.71438366312213419 1.4710853339638559 114.78544568133611 1.28475077895564 363.21942567370945 37.026859761861488 0.45194222597066769 69.489505433171871 0.15060643752803926 0.10336058743996546
leaf_count=1194801 10899 120 68 3007 155203 109237 969 3748 163119 28006 11876 440 145 19 12227 5150 622 64 115 93 172 277 46731 98 266677 50327 117 44848 139 92
internal_value=-0.00811338 0.000186542 -0.0459494 0.00286532 -0.0190596 0.00440076 0.00048403 0.00804452 -0.00604846 0.0149502 0.0179028 0.0268881 0.150894 -0.0484209 -0.162101 0.0401455 0.107252 0.209631 0.498494 0.768122 0.0232405 0.155076 0.0207846 0.142079 -0.0125722 -0.0235365 -0.0194901 -0.018644 -0.0276237 0.343628
internal_weight=3013.02 2470.97 542.046 2169.07 301.903 2049.85 1387.05 642.939 744.116 575.351 550.358 123.02 3.5152 526.92 3.61926 15.1261 3.21961 1.73561 0.725089 0.427644 119.504 2.18547 117.319 2.53356 621.096 277.122 240.096 239.644 170.154 0.253967
internal_count=2109406 897141 1212265 635516 261625 632509 523272 44599 478673 43630 15624 48877 1479 1207047 12246 5218 1334 712 272 208 47398 449 46949 218 429796 250726 200399 200282 155434 231
cat_boundaries=0 1 2 3
cat_threshold=1 1 1
is_linear=0
shrinkage=0.05


Tree=33
num_leaves=31
num_cat=3
split_feature=3 2 1 2 1 0 1 1 2 10 1 7 2 1 2 10 10 1 0 0 1 1 5 2 1 2 1 2 10 1
split_gain=356.506 97.9287 43.4683 40.0028 74.1893 34.8495 44.1857 30.9362 40.0844 36.9154 28.9494 27.6033 25.9059 53.8793 22.6151 21.8289 37.1983 20.5983 24.907 19.6899 41.8148 26.971 25.5858 19.4234 18.9319 31.1396 22.7905 18.5455 18.3313 16.2131
threshold=1.0000000180025095e-35 9.5000000000000018 15.402690112946253 19.500000000000004 12.482721266412264 0 14.013189955546205 15.402690112946253 17.500000000000004 36.500000000000007 13.687448938718529 4.5000000000000009 21.500000000000004 13.162592005416499 22.500000000000004 83.500000000000014 78.500000000000014 14.510441449307644 1 2 10.043864956150427 10.699817140828189 1.0000000180025095e-35 2.5000000000000004 13.278762481912418 17.500000000000004 11.702714652804938 14.500000000000002 1.0000000180025095e-35 10.929856066070075
decision_type=2 2 2 2 2 1 2 2 2 8 2 2 2 2 2 8 10 2 1 1 2 2 2 2 2 2 2 2 10 2
left_child=2 11 17 7 14 12 28 9 27 10 29 -2 13 15 -5 16 -6 -1 -19 21 -21 -11 -22 -13 25 26 -24 -9 -7 -3
right_child=1 3 -4 4 5 6 -8 8 -10 19 -12 23 -14 -15 -16 -17 -18 18 -20 20 22 -23 24 -25 -26 -27 -28 -29 -30 -31
leaf_value=-0.047513698825349372 0.022590293003020723 0.0089675632485146217 0.04073315726906155 -0.014065201653992122 0.11447126761323617 0.015591490236685344 0.080437668620264191 0.0086233146567554781 0.12882689116515461 0.025571444015743818 -0.073458033206808535 0.068768964227416837 0.04117213568489813 0.31157549955718167 0.027204188230569134 -0.0065864157645448857 0.88224532732465255 -0.32099827035533107 -0.0500212991084176 -0.041301627098245176 -0.050035210237975664 -0.015279930693043592 0.00794177223701561 -0.075671834809520874 -0.0009014572769480483 -0.0074967254849209021 0.039768692957707387 -0.051676875997446949 -0.050080999427211573 -0.020291024733432136
leaf_weight=498.32443484411368 451.99767097747355 54.992488700690558 14.076374624739399 215.48647049374603 8.2018948448239879 81.025432612921577 26.22834897210123 15.190981107130566 3.5638000862578698 45.526352847576049 23.40048202774193 2.9013287966921295 20.009102366441908 3.1570611407686817 39.240844744432223 4.5770949095021942 0.16085354122333306 1.5256095794500337 1.9092457036972938 48.90092646942071 19.272960980946664 359.10216255836883 96.087839919317048 11.767368135516188 286.62063570128521 94.386365354643203 135.65972963318927 79.381860039889048 12.22972609955468 340.60378940100782
leaf_count=1193497 47188 33794 5192 88195 5508 2911 1505 550 35 18928 24668 333 2764 186 5941 1951 64 21 12261 426 28686 247588 1413 2941 14104 3493 7282 2725 11331 343152
internal_value=-0.00810471 -0.000237395 -0.0459237 -0.00502158 0.00890863 0.0361124 0.0231043 -0.00858796 -0.0357878 -0.00681381 -0.0194202 0.0203996 0.0791593 0.126379 -0.00770764 0.0811947 0.129239 -0.0483548 -0.170377 -0.00194807 0.00324283 -0.0106836 0.00668931 -0.0471028 0.00847346 0.0167125 0.0265725 -0.041991 0.00697903 -0.0162237
internal_weight=2995.51 2479.67 515.836 2013.01 410.317 155.59 119.484 1602.69 98.1366 1504.55 418.997 466.666 36.106 16.0969 254.727 12.9398 8.36275 501.759 3.43486 1085.56 680.928 404.629 632.028 14.6687 612.755 326.134 231.748 94.5728 93.2552 395.596
internal_count=2108633 897662 1210971 847200 120356 26220 15747 726844 3310 723534 401614 50462 10473 7709 94136 7523 5572 1205779 12282 321920 55404 266516 54978 3274 26292 12188 8695 3275 14242 376946
cat_boundaries=0 1 2 3
cat_threshold=1 1 1
is_linear=0
shrinkage=0.05


Tree=34
num_leaves=31
num_cat=0
split_feature=3 2 2 1 6 7 1 2 1 1 2 1 1 2 2 2 1 2 2 1 6 2 6 1 1 2 2 4 1 8
split_gain=328.987 58.6878 55.3992 38.5663 38.247 27.3881 32.5267 46.1383 19.758 19.3007 18.4895 17.4861 15.8781 37.2352 33.579 19.4616 16.2203 15.6805 49.9175 39.489 20.7967 15.2926 15.6145 15.0305 14.4476 32.0044 18.2642 14.3058 13.9908 18.1527
threshold=1.0000000180025095e-35 9.5000000000000018 21.500000000000004 15.402690112946253 4977.0500000000011 1.0000000180025095e-35 15.402690112946253 17.500000000000004 14.510441449307644 7.9333074112982738 14.500000000000002 13.687448938718529 12.401199138902404 13.500000000000002 10.500000000000002 17.500000000000004 12.419080523996074 2.5000000000000004 7.5000000000000009 12.995994908909696 127037.69500000002 10.500000000000002 69893.395000000019 10.502059045965089 14.263256222424639 17.500000000000004 18.500000000000004 1.0000000180025095e-35 13.472774303176271 5095858.8000000017
decision_type=2 2 2 2 2 2 2 2 2 2 2 2 2 2 2 2 2 2 2 2 2 2 2 2 2 2 2 2 2 2
left_child=3 4 5 8 -2 6 12 10 -1 -7 -8 28 14 16 -3 -16 21 20 19 -19 23 22 -14 -6 -15 -26 -27 -5 -11 -30
right_child=1 2 -4 27 17 9 7 -9 -10 11 -12 -13 13 24 15 -17 -18 18 -20 -21 -22 -23 -24 -25 25 26 -28 -29 29 -31
leaf_value=-0.04728684112614389 0.024562504626631503 0.03694541365836744 0.022392562164242524 0.067321061210641908 0.052270199211258042 0.10226293848781387 0.0092364323960614086 0.10797106276580509 -0.1673041900434539 -0.018870065861050903 -0.050282272697692768 -0.064191904647399864 0.57058049877699324 0.0089099208205878234 -0.0025420994168897731 -0.020572827634725562 -0.011870455636940443 -0.088494273961684022 0.0088526921701103257 0.081942168114033195 0.03246297498498675 0.056266391008575556 -0.050057796145088235 -0.051815007636359982 0.010717078465438429 0.20803883341863602 0.067950874971643982 -0.051634748922971978 0.032890981358550501 0.56625838699170028
leaf_weight=475.4266369367906 321.2402826392323 39.667598592823197 171.16320882845389 10.11343266814947 4.4505358187016162 3.2668749681104137 15.707341393106033 5.5685652369723178 3.4541357073794634 373.53587127227581 77.083883042066972 20.992506968775047 0.32203394273534458 334.93564154024023 337.45415856680142 268.91350116651597 274.71230576796273 28.880851755753234 57.737911517186667 3.8517868475658465 44.021969699564366 1.8736920298542825 0.14787892263848335 15.718054418046799 44.319844049076558 2.6724789539173868 17.981991836664918 3.3695006310008457 9.6048971642740035 0.16221864608815018
leaf_count=1193504 14361 16592 24280 64 60 356 332 61 12188 372322 1687 24598 172 93466 130094 101756 68394 594 30673 292 3951 1069 130 584 2557 203 705 5129 7790 148
internal_value=-0.00847663 -0.00105379 -0.00480874 -0.0458045 0.0147273 -0.00735443 -0.00407802 -0.0318182 -0.0481525 -0.0187808 -0.0402072 -0.0197589 -0.00201565 0.00333534 -0.00762283 -0.0105384 -0.010753 -0.00570115 -0.0191115 -0.0684383 0.0131995 0.120229 0.375269 -0.0288469 0.0130957 0.0346729 0.0860768 0.037593 -0.0173254 0.0417495
internal_weight=2968.35 2475.99 2000.09 492.364 475.901 1828.92 1421.36 98.3598 478.881 407.562 92.7912 404.295 1323 676.966 646.035 606.368 277.056 154.661 90.4706 32.7326 64.1906 2.3436 0.469913 20.1686 399.91 64.9743 20.6545 13.4829 383.303 9.76712
internal_count=2108112 897227 846712 1210885 50515 822432 417218 2080 1205692 405214 2019 404858 415138 166696 248442 231850 69765 36154 31559 886 4595 1371 302 644 96931 3465 908 5193 380260 7938
is_linear=0
shrinkage=0.05


Tree=35
num_leaves=31
num_cat=4
split_feature=3 2 2 1 1 0 1 2 2 6 9 1 2 6 1 1 2 6 6 2 10 0 1 0 1 0 1 1 2 2
split_gain=317.861 54.8784 42.7616 76.605 35.6902 35.1193 39.0023 40.4955 38.2246 37.0069 33.426 33.183 38.7532 38.1768 45.0363 154.457 196.194 103.976 143.301 71.2364 61.7496 28.2896 38.8044 25.4133 57.8241 24.0982 21.1682 20.1487 19.5422 19.4813
threshold=1.0000000180025095e-35 9.5000000000000018 19.500000000000004 12.482721266412264 15.402690112946253 0 13.18896346560326 7.5000000000000009 1.0000000180025095e-35 11209.000000000002 1.0000000180025095e-35 14.910553791267974 17.500000000000004 1.0000000180025095e-35 13.806965179278382 13.874745427417059 12.500000000000002 698800.29500000004 194578.80500000002 11.500000000000002 14.500000000000002 1 13.874745427417059 2 10.043864956150427 3 10.882009708725096 10.464464413712077 17.500000000000004 2.5000000000000004
decision_type=2 2 2 2 2 1 2 2 2 2 2 2 2 2 2 2 2 2 2 2 10 1 2 1 2 1 2 2 2 2
left_child=4 5 11 -4 -1 6 7 8 9 -2 -7 13 -13 23 25 16 17 18 20 -19 -16 -5 -23 27 -25 26 -15 -3 -26 -10
right_child=1 2 3 21 -6 10 -8 -9 29 -11 -12 12 -14 14 15 -17 -18 19 -20 -21 -22 22 -24 24 28 -27 -28 -29 -30 -31
leaf_value=-0.047718225431091041 0.24048434755166437 0.034156401986964915 -0.0069933604564916792 0.073637594091353495 0.035594357100706832 0.029649557003905754 0.067102682786275972 0.020066674740322542 -0.023430681270249023 0.013522805487565457 -0.052588026772493461 -0.035010980765776224 0.097706166750803625 0.014066184546102709 -0.050017015993935904 -0.061439977398896922 -0.30100777244530597 -0.04999403373494888 -5.1188014492275649 -2.7222722070586252 -3.1029581471237457 0.0085040516039896121 0.073894093471847694 -0.046139869029471536 0.016405582692031375 -0.04892042910211214 -0.014842238098325645 -0.016667446532782907 -0.0053620663739346736 -0.071691110421072859
leaf_weight=456.81848898630369 2.0600666661049756 21.322102718288306 252.39757578069035 40.022039709627137 13.227097876369951 270.87315860730814 18.717653890057164 72.432886200957 57.155526192858815 14.014169882517306 12.946749684935467 147.25018483295045 5.7138262655228393 73.94729976932274 0.033505035738889855 8.7502787952002787 0.59747544586861068 0.0747688201317942 0.049319751115035615 0.037420514434415963 0.032755207976151723 89.464517822227208 30.396612872835249 47.852138996669169 424.66257230058545 44.806782005980608 440.83754913212033 228.28838721461216 136.16967589054548 32.975522086926503
leaf_count=1206828 295 8240 93903 10561 5180 4441 1317 32660 900 1823 8556 6345 110 39166 105 23489 1844 299 189 153 112 13610 2045 286 24779 67650 388743 157571 7774 542
internal_value=-0.00768221 -0.000520684 -0.0041801 0.0101605 -0.0453738 0.0146341 -0.00156483 -0.00875979 -0.0284197 0.0426101 0.0258982 -0.00792107 -0.0300535 -0.00554941 -0.0155906 -0.12311 -0.77701 -2.02564 -3.07814 -0.941327 -1.55921 0.0372401 0.0250869 0.00110929 0.00661886 -0.0137508 -0.0106896 -0.012326 0.0111204 -0.0410873
internal_weight=2943.93 2473.88 1992.71 412.281 470.046 481.176 197.356 178.638 106.205 16.0742 283.82 1580.43 152.964 1427.46 569.167 9.57552 0.825245 0.227769 0.11558 0.112189 0.0662602 159.883 119.861 858.295 608.684 559.592 514.785 249.61 560.832 90.131
internal_count=2109516 897508 846974 120119 1212008 50534 37537 36220 3560 2118 12997 726855 6455 720400 521750 26191 2702 858 406 452 217 26216 15655 198650 32839 495559 427909 165811 32553 1442
cat_boundaries=0 1 2 3 4
cat_threshold=1 1 1 1
is_linear=0
shrinkage=0.05


Tree=36
num_leaves=31
num_cat=2
split_feature=3 2 1 2 1 0 2 6 2 2 1 2 10 0 1 1 2 10 1 6 6 1 1 2 7 1 1 2 6 1
split_gain=302.309 71.6361 45.3257 36.7158 32.0724 28.5135 33.639 43.331 35.61 28.1706 24.0521 66.1007 33.6283 25.093 46.8618 23.9425 79.952 30.9728 29.9742 68.7453 34.9246 22.658 20.2609 19.4816 18.9507 19.3801 17.4661 17.2764 64.0983 15.973
threshold=1.0000000180025095e-35 8.5000000000000018 13.472774303176271 21.500000000000004 15.402690112946253 0 1.0000000180025095e-35 136091.91 7.5000000000000009 1.0000000180025095e-35 14.910553791267974 17.500000000000004 36.500000000000007 1 13.806965179278382 12.767272962851626 18.500000000000004 9.5000000000000018 12.805180373566456 2121592.9950000006 288286.04500000004 10.807921469369189 10.425465408094119 6.5000000000000009 1.5000000000000002 13.347730750185351 12.419080523996074 2.5000000000000004 127037.69500000002 12.721850421883564
decision_type=2 2 2 2 2 1 2 2 2 2 2 2 8 1 2 2 2 10 2 2 2 2 2 2 2 2 2 2 2 2
left_child=4 2 5 10 -1 6 7 26 22 -7 12 -12 13 14 15 21 -17 18 19 20 -18 -3 -8 -11 -20 -26 -2 28 -24 -14
right_child=1 3 -4 -5 -6 9 8 -9 -10 23 11 -13 29 -15 -16 16 17 -19 24 -21 -22 -23 27 -25 25 -27 -28 -29 -30 -31
leaf_value=-0.047554832641960018 0.15798511667230486 0.010638499667787564 0.054950684689825627 0.017801520904649697 0.032580693634499079 -0.013104996594963317 0.029180996142344276 0.019852287008467976 0.037521906103899369 0.054146649370342165 -0.032266798746632602 0.095091602397841396 -0.0047300595788894728 -0.049037389194464098 -0.34438579248646262 -0.0024409504255471525 0.88330290791560362 0.041099743186782223 0.084166377941758394 1.6737308126606729 -0.05006403433973268 -0.022758843154971311 -0.065264125743086918 0.011885018564346012 0.21312010553246652 0.54991353031731227 0.43273592345653616 -0.068174165523058647 0.048121986624368875 0.0066556736085789424
leaf_weight=435.21075571778056 2.8733677559063469 61.674241328961159 73.484992778736739 174.72712628072918 12.854723698459564 35.182851007939462 12.958327313608605 14.820695572532712 25.553744824719615 71.363620620984392 158.93580142277298 10.885846503315433 763.33746698187588 50.151584256911974 1.0560545659959064 83.018403959693387 0.16070756694534694 3.070757866022177 1.9237487684004007 0.11602310166927055 0.26629068201873451 287.6445105742896 31.691106889396906 44.133125055467133 1.7093139825155961 0.5694356474559753 0.72423477179836471 30.205297172185965 20.544528380967677 516.44276145748836
leaf_count=1205944 397 33809 1536 24327 5210 1405 127 1672 1823 972 6997 223 281038 88578 111 50150 143 945 781 103 238 302567 201 800 1164 16 105 518 666 96396
internal_value=-0.00745947 -0.000628615 0.019875 -0.00415172 -0.0452558 0.0109885 -0.00531193 0.0576371 -0.0148976 0.0260656 -0.00612797 -0.0241029 -0.00440448 -0.0155234 -0.0117139 -0.0109158 0.0119527 0.164831 0.244896 0.594476 0.301223 -0.0168623 -0.0289387 0.0379978 0.199725 0.297281 0.213295 -0.0380742 -0.0206688 -0.000135459
internal_weight=2927.29 2479.23 363.536 2115.69 448.065 290.051 139.371 18.4183 120.953 150.68 1940.96 169.822 1771.14 491.361 441.209 440.153 90.8347 7.81628 4.74552 0.543021 0.426998 349.319 95.3993 115.497 4.2025 2.27875 3.5976 82.4409 52.2356 1279.78
internal_count=2108962 897808 10222 887586 1211154 8686 5509 2174 3335 3177 863259 7220 856039 478605 390027 389916 53540 3390 2445 484 381 336376 1512 1772 1961 1180 502 1385 867 377434
cat_boundaries=0 1 2
cat_threshold=1 1
is_linear=0
shrinkage=0.05


Tree=37
num_leaves=31
num_cat=4
split_feature=3 2 2 9 5 4 0 10 8 8 5 7 0 0 9 0 2 2 2 2 2 10 7 9 5 8 8 8 10 9
split_gain=293.905 52.6127 32.4297 29.0304 27.2076 27.9206 26.1597 25.5108 19.7 21.6723 21.6899 26.8912 18.6894 15.6997 17.7211 14.9744 34.7233 32.4505 28.5407 36.6377 28.7311 12.9 14.5424 12.4437 11.917 10.4365 11.0509 14.6599 9.8804 19.1777
threshold=1.0000000180025095e-35 9.5000000000000018 20.500000000000004 2.5000000000000004 1.0000000180025095e-35 1.0000000180025095e-35 0 8.5000000000000018 378690.94000000006 552917.89000000013 1.0000000180025095e-35 1.5000000000000002 1 2 1.0000000180025095e-35 3 6.5000000000000009 1.0000000180025095e-35 6.5000000000000009 1.0000000180025095e-35 7.5000000000000009 2.5000000000000004 22.500000000000004 6.5000000000000009 1.0000000180025095e-35 150804.17500000002 109448.56000000001 118707.32000000002 132.50000000000003 1.5000000000000002
decision_type=2 2 2 2 2 2 1 8 2 2 2 2 1 1 2 1 2 2 2 2 2 10 2 2 2 2 2 2 10 2
left_child=4 3 7 8 -1 6 -6 -3 15 10 11 -10 -7 23 -15 18 17 -17 19 -2 -20 -5 -23 25 -21 26 -4 -28 -22 -30
right_child=1 2 13 21 5 12 -8 -9 9 -11 -12 -13 -14 14 -16 16 -18 -19 20 24 28 22 -24 -25 -26 -27 27 -29 29 -31
leaf_value=-0.04883218610334792 0.085977913426861466 -0.022168731374881637 0.046614443715695564 -0.058937095257356187 -0.050024721798709038 0.23299971004619208 0.041423786022951437 -0.0039983377406521319 0.65514375686465143 0.021636369514930157 -0.053623950279247712 0.18818434109459647 -0.065590112306127046 0.007940866357233586 -0.050091445982433314 0.0044213857664450341 0.0074514090801910127 0.057478120960586 0.17156372659793645 -0.018775904399463222 0.016707112447513356 -0.0040137404813435753 0.27295185127875532 0.0030631331379401151 -0.071625639793738413 0.0038836734970071757 0.4291985928518533 0.097886935257844615 -0.0520203408471544 0.35973809847675642
leaf_weight=392.88106925072407 6.8155976905407902 222.03721063418647 48.882177979771441 11.395193050292034 20.940120049024728 1.9423887272132552 12.481544520290951 1485.6753209048097 0.49553241507967383 1.9316784867667136 0.40595015812929158 0.8160463550593704 0.71770571549518547 159.57675673242193 14.336882312582103 39.812639366733492 133.67983011121504 104.36656182027826 3.3781399445731131 28.914065847108304 44.381024066361555 93.78205377128036 0.47634741454385121 33.041085519129695 16.901398778972947 14.92130015019316 0.41717108013108095 1.6724322762886905 0.53383299183227595 0.60130234493408352
leaf_count=1162319 681 246622 16523 1824 44322 881 3201 550303 160 499 130 243 177 2890 10883 660 5088 880 203 363 16819 22349 105 12313 216 6643 187 608 184 83
internal_value=-0.00681452 -0.000178062 -0.00380345 0.014515 -0.0450161 -0.00346406 -0.0158727 -0.00636086 0.0209153 0.136533 0.265756 0.364608 0.152439 0.012203 0.00315687 0.0198032 0.0258078 0.0428274 0.00336976 -0.0221822 0.0308745 -0.00868874 -0.00261406 0.0281049 -0.0382723 0.0406617 0.0514279 0.16403 0.0204327 0.166096
internal_weight=2898.21 2469.25 1980.56 488.687 428.963 36.0818 33.4217 1707.71 383.034 3.64921 1.71753 1.31158 2.66009 272.848 173.914 379.384 277.859 144.179 101.525 52.6311 48.8943 105.654 94.2584 98.9342 45.8155 65.8931 50.9718 2.0896 45.5162 1.13514
internal_count=2108359 897459 846972 50487 1210900 48581 47523 796925 26209 1032 533 403 1058 50047 13773 25177 6628 1540 18549 1260 17289 24278 22454 36274 579 23961 17318 795 17086 267
cat_boundaries=0 1 2 3 4
cat_threshold=1 1 1 1
is_linear=0
shrinkage=0.05


Tree=38
num_leaves=31
num_cat=8
split_feature=3 2 1 1 2 0 10 1 0 1 2 0 1 2 0 2 2 2 6 1 1 6 1 0 5 0 2 1 0 0
split_gain=268.337 46.5381 45.2733 33.7197 26.8082 20.2274 17.844 26.7297 68.6465 24.5039 60.1014 21.3677 19.7341 37.747 16.4824 29.4419 25.3938 28.5212 35.1749 52.6291 28.6741 24.8541 16.3424 36.5048 33.9672 27.8501 17.0917 16.1686 17.9071 15.6127
threshold=1.0000000180025095e-35 8.5000000000000018 13.472774303176271 15.402690112946253 21.500000000000004 0 27.500000000000004 13.806965179278382 1 14.910553791267974 17.500000000000004 2 12.961867552988101 16.500000000000004 3 1.0000000180025095e-35 7.5000000000000009 2.5000000000000004 78909.630000000019 11.646239140140926 12.346973222018718 49536.310000000005 10.502059045965089 4 1.0000000180025095e-35 5 20.500000000000004 14.510441449307644 6 7
decision_type=2 2 2 2 2 1 8 2 1 2 2 1 2 2 1 2 2 2 2 2 2 2 2 1 2 1 2 2 1 1
left_child=3 2 14 27 6 -4 7 11 -9 22 -11 12 -3 -14 16 -16 17 18 19 -2 -21 -19 25 26 -25 -8 -24 -1 -29 -6
right_child=1 4 5 -5 29 -7 9 8 -10 10 -12 -13 13 -15 15 -17 -18 21 -20 20 -22 -23 23 24 -26 -27 -28 28 -30 -31
leaf_value=-0.046462013551641784 0.029820027418189822 -0.013902771170012391 0.042923580631873418 0.03422895140013648 0.034341181461968372 0.13406523153200237 0.012440268214444113 -0.0500162463201132 -0.49761394362935285 -0.0291870992829063 0.084488434848815172 -0.04870260052298403 -0.00071152992012541967 0.10556084297114994 -0.023308517185648345 0.030584153184106417 0.037689944075178033 0.040055590873162614 0.029687700798998531 -0.13058617751738533 -0.0029716906281608154 -0.072616081848118949 -0.011652664742489114 -0.050035155243113839 0.010431911606534852 -0.033686869100084262 0.038308962569681304 -0.31809557206088906 -0.050047198033442181 0.0034716508173781194
leaf_weight=393.69254018441819 16.789609738858928 338.73393760347949 63.316642483910982 13.112377552606629 65.022569520013974 6.7351672225973394 51.844775028526755 6.8987989383064132 0.97805107701736815 156.94400840207788 12.557997953994002 37.567137589612514 48.971194091514974 10.074654584343078 32.485506015163992 115.25123745433575 28.186552366707474 5.9039477354457395 46.399520406499505 13.801426234887915 6.4631382962688795 28.626460319224861 437.72415258494334 24.031331555669112 692.47994809143711 88.722287453339987 17.814639273318107 1.1578169426993949 1.3490616667245541 110.68269330020127
leaf_count=1194337 259 340502 1188 5172 16411 340 18792 23894 171 4007 142 62644 21179 4274 1377 1762 1853 150 2545 216 129 420 309920 37361 30989 1134 7947 18 12184 7800
internal_value=-0.00716645 -0.000941149 0.0155654 -0.0446572 -0.00380054 0.0516864 -0.00550672 -0.0143089 -0.105593 -0.00287444 -0.0207652 -0.0126573 -0.0092531 0.0174211 0.00695609 0.0187338 -0.00494782 -0.015134 0.000679176 -0.0356455 -0.0898851 -0.0533517 -0.000564161 0.00136793 0.00840388 -0.016674 -0.00969883 -0.047268 -0.173847 0.0148954
internal_weight=2874.32 2465.01 363.959 409.312 2101.05 70.0518 1925.34 443.224 7.87685 1482.12 169.502 435.347 397.78 59.0458 293.907 147.737 146.171 117.984 83.4537 37.0542 20.2646 34.5304 1312.62 1172.05 716.511 140.567 455.539 396.199 2.50688 175.705
internal_count=2109117 897406 10239 1211711 887167 1528 862956 452664 24065 410292 4149 428599 365955 25453 8711 3139 5572 3719 3149 604 345 570 406143 386217 68350 19926 317867 1206539 12202 24211
cat_boundaries=0 1 2 3 4 5 6 7 8
cat_threshold=2 2 1 1 1 1 1 1
is_linear=0
shrinkage=0.05


Tree=39
num_leaves=31
num_cat=2
split_feature=3 2 2 1 9 1 2 6 0 1 2 0 1 1 1 2 1 1 1 9 6 10 4 2 1 10 2 9 6 2
split_gain=251.956 40.5692 33.8386 31.8779 22.5664 20.6273 33.6824 23.1489 35.1463 26.6236 22.7876 18.5034 42.2149 18.1354 23.4608 64.4272 18.0682 15.3628 28.0197 14.4834 14.4601 19.9439 14.4094 14.4082 14.1454 14.1217 14.0725 30.4064 15.8887 13.6792
threshold=1.0000000180025095e-35 9.5000000000000018 21.500000000000004 15.402690112946253 2.5000000000000004 15.402690112946253 17.500000000000004 1766.1750000000002 0 13.745606063811632 14.500000000000002 1 10.857820900031909 9.9865238503507836 12.767272962851626 18.500000000000004 9.9865238503507836 13.575949301614788 13.387048948663738 1.0000000180025095e-35 113633.18500000001 3.5000000000000004 1.0000000180025095e-35 10.500000000000002 14.510441449307644 1.5000000000000002 12.500000000000002 15.500000000000002 172494.36000000002 1.5000000000000002
decision_type=2 2 2 2 2 2 2 2 1 2 2 1 2 2 2 2 2 2 2 2 2 8 2 2 2 10 2 2 2 2
left_child=3 4 5 24 29 7 10 11 -9 13 23 16 -13 -10 -15 17 -3 18 -16 -14 21 -17 -5 -7 -1 -20 28 -28 -27 -2
right_child=1 2 -4 22 -6 6 -8 8 9 -11 -12 12 19 14 15 20 -18 -19 25 -21 -22 -23 -24 -25 -26 26 27 -29 -30 -31
leaf_value=-0.046024802613750027 0.0021245320084075712 0.038519700586126485 0.016576727754027229 0.06433179307661592 -0.0084596458445838629 -0.03440945840076403 0.091116369021092325 -0.05003045369971848 0.026196115688342014 -0.11623590563095001 -0.048778360450889596 -0.023410492623845255 0.0091763874384445613 -0.016086340512232268 -0.0014031439335713053 0.60552656960840179 -0.014844304831987988 -0.038208385173308955 -0.019291526667941004 -0.050052528489702458 0.090531874220767042 0.17187323038207278 -0.052971464487974129 0.062510967567247028 -0.1599481016789244 0.2801648163684205 0.16300889563426901 0.66709576856084463 -0.019641490594991227 0.023359102906421438
leaf_weight=375.70544522986313 104.32560089670312 16.877118137083244 178.12063855524707 9.574648052453993 106.5525039171763 7.0655801817817325 5.4643821508031598 57.274429873172835 36.610447476268519 5.7208154550277177 71.409487685075334 124.81251047855721 661.7870752933959 398.91947848827112 79.096100994793233 0.30472060793545042 263.73053787191225 24.516810325905681 1.6208923740778107 10.485023185526186 10.202379808644762 2.040868577780202 3.6031757143791756 8.3855200934430822 2.7446760672577275 0.60527302348054979 2.1108228468801831 0.34855160512961436 1.6375017384998498 277.7925456001617
leaf_count=1193922 2051 4682 24139 67 24232 232 80 109401 11218 213 2752 1133 23929 403087 59406 134 185863 314 615 13714 3277 634 5145 334 12282 150 654 116 499 23939
internal_value=-0.00694218 -0.00100727 -0.00420736 -0.0441891 0.0118878 -0.00627438 -0.0292909 -0.00502342 -0.0127125 -0.00892109 -0.0368657 -0.00059266 0.00329462 -0.00782089 -0.0102094 0.0089313 -0.0116347 -0.00332 0.00669359 0.00825263 0.116268 0.22821 0.0322579 0.0181906 -0.046851 0.107977 0.151848 0.23445 0.0612693 0.0175617
internal_weight=2849.45 2457.82 1969.15 391.628 488.671 1791.03 92.325 1698.7 621.009 563.735 86.8606 1077.69 797.085 558.014 521.403 122.484 280.608 109.936 85.4191 672.272 12.548 2.34559 13.1778 15.4511 378.45 6.32304 4.70215 2.45937 2.24277 382.118
internal_count=2108214 896798 846576 1211416 50222 822437 3398 819039 589718 480317 3318 229321 38776 480104 468886 65799 190545 61754 61440 37643 4045 768 5212 566 1206204 2034 1419 770 649 25990
cat_boundaries=0 1 2
cat_threshold=2 1
is_linear=0
shrinkage=0.05


Tree=40
num_leaves=31
num_cat=3
split_feature=3 2 2 5 9 8 5 0 8 8 0 4 10 7 10 2 10 2 2 10 0 2 2 8 8 8 9 2 10 10
split_gain=256.535 45.3031 27.7929 24.7902 20.7276 20.6961 20.3467 24.356 17.6671 22.2627 15.3529 25.1217 15.059 12.2373 8.48778 7.12672 15.5446 7.05393 17.2234 13.123 10.3138 49.2424 9.80849 7.58143 10.5934 9.11497 6.74366 17.7033 29.0974 28.7177
threshold=1.0000000180025095e-35 9.5000000000000018 19.500000000000004 1.0000000180025095e-35 2.5000000000000004 378690.94000000006 1.0000000180025095e-35 0 506188.80500000005 464072.0400000001 1 1.0000000180025095e-35 2.5000000000000004 23.500000000000004 117.50000000000001 8.5000000000000018 17.500000000000004 7.5000000000000009 1.5000000000000002 15.500000000000002 2 1.0000000180025095e-35 1.0000000180025095e-35 125928.31000000001 146107.14500000005 138462.24000000002 6.5000000000000009 14.500000000000002 136.50000000000003 121.50000000000001
decision_type=2 2 2 2 2 2 2 1 2 2 1 2 8 2 10 2 10 2 2 8 1 2 2 2 2 2 2 2 8 10
left_child=3 4 6 -1 5 17 7 14 9 -7 11 -5 -6 -14 -3 -10 -17 18 20 -20 21 -2 -22 -19 25 -25 -16 28 29 -28
right_child=1 2 -4 10 12 8 -8 -9 15 -11 -12 -13 13 -15 26 16 -18 23 19 -21 22 -23 -24 24 -26 -27 27 -29 -30 -31
leaf_value=-0.048357457335346604 0.092284403414639393 -0.011996182839244337 0.0079976229255055691 -0.05002141445069324 -0.062787345778036505 0.15457161224440763 -0.0022054314278056844 -0.04894588183816171 -0.0024529228150589233 0.58822074920521428 0.039171921901429131 0.1267944213762339 -0.00096319861659219057 0.24852263980104483 0.010709210108044695 0.05603159077287978 0.65218513071955719 0.0078838361769464054 -0.022453777319041815 0.041272361030227349 0.0027027284632413894 -0.049566241287395063 0.039539990441198658 0.091689791902606566 0.042603127159606041 0.47211710210578622 0.19680424448106273 -0.015984165763971631 0.073715345349293748 1.0657750532290569
leaf_weight=340.87865272030695 8.1330277855570063 483.10702202178027 426.64709199915274 18.061932519544175 10.483923090072317 1.2139775699470181 1002.973136856946 46.226485012129274 1.835094586327614 0.39138428057776753 13.031108229205726 2.2602263943990684 95.715626338102766 0.49405034215305832 8.7071202733126238 0.47112985255080264 0.1423949298041407 154.41496956430166 8.7188377028189592 110.02608024369135 40.053056405871772 24.695055312768115 32.924741023627575 0.3504987100022835 3.9077065456804121 0.28587657088064589 0.20250240049790513 1.4268302179407326 0.79511847277171921 0.17922824004199356
leaf_count=1162733 675 421238 120324 44112 1835 323 200076 98236 129 122 3402 890 22501 58 5378 349 109 19483 185 1245 648 252 341 201 1920 117 130 787 339 105
internal_value=-0.00575978 9.73264e-05 -0.003298 -0.0443321 0.0136322 0.0190045 -0.00642005 -0.0142388 0.131385 0.260294 -0.00319146 -0.030356 -0.0058829 0.000317947 -0.0109938 0.0468691 0.194395 0.0178166 0.0235219 0.0365933 0.00885213 -0.0144233 0.0193223 0.00975702 0.0734108 0.262588 0.0318211 0.102423 0.245981 0.604799
internal_weight=2838.75 2464.52 1970.26 374.232 494.257 387.564 1543.62 540.644 4.05398 1.60536 33.3533 20.3222 106.694 96.2097 494.418 2.44862 0.613525 383.51 224.551 118.745 105.806 32.8281 72.9778 158.959 4.54408 0.636375 11.3108 2.60368 1.17685 0.381731
internal_count=2108243 897106 846613 1211137 50493 26099 726289 526213 1032 445 48404 45002 24394 22559 427977 587 458 25067 3346 1430 1916 927 989 21721 2238 318 6739 1361 574 235
cat_boundaries=0 1 2 3
cat_threshold=1 1 1
is_linear=0
shrinkage=0.05


Tree=41
num_leaves=31
num_cat=3
split_feature=3 8 0 1 9 1 6 9 1 1 1 0 1 1 6 1 1 9 1 1 1 1 5 1 0 4 7 1 6 6
split_gain=245.844 35.7874 30.966 52.4362 51.1732 27.441 23.8001 36.4137 65.795 24.048 23.6031 20.242 83.1208 34.4972 21.3352 19.8634 18.8293 18.2434 18.11 15.8192 33.4857 13.2947 14.2409 18.9691 14.189 12.7486 10.9526 10.4466 8.9131 8.57302
threshold=1.0000000180025095e-35 4196.6650000000009 0 13.806965179278382 1.5000000000000002 15.402690112946253 7512225.1800000006 38.500000000000007 11.384578211445572 15.402690112946253 12.961867552988101 1 10.101404773346657 9.9865238503507836 1.0000000180025095e-35 10.807921469369189 12.767272962851626 1.0000000180025095e-35 10.857820900031909 13.687448938718529 13.521582412180257 13.347730750185351 1.0000000180025095e-35 13.575949301614788 2 1.0000000180025095e-35 4.5000000000000009 7.9333074112982738 418739.46000000002 293629.85500000004
decision_type=2 2 1 2 2 2 2 2 2 2 2 1 2 2 2 2 2 2 2 2 2 2 2 2 1 2 2 2 2 2
left_child=5 6 3 15 -5 -1 7 9 -9 10 11 12 -2 -13 18 27 -17 -15 -14 20 26 -12 23 24 -23 -7 -18 28 -3 -29
right_child=1 2 -4 4 -6 25 -8 8 -10 -11 21 13 14 17 -16 16 19 -19 -20 -21 -22 22 -24 -25 -26 -27 -28 29 -30 -31
leaf_value=-0.046950092764715887 -0.04636787147047633 0.19777440011062475 -0.050749445250494754 -0.073482351174212007 -0.79953421489926446 0.062772712884740858 -0.067680936759200991 1.2643895795969851 0.13219852106208513 -0.020212474254576257 0.024718437983509107 0.035508672457318889 -0.0057308567743047786 -0.019567801778792374 -0.050057090813971944 -0.018024159359816189 0.013728611069417036 -0.00066257936814987848 0.018006011279677613 -0.04279421637998234 0.12180656428403576 0.075070505743461344 0.010794462236763665 -0.041787210241185674 -0.050064862312427738 -0.053197532030536114 -0.03994045891307834 0.037197280202837732 0.042537992893279003 -0.0020342856757865394
leaf_weight=345.10614793611421 66.71495559408288 1.4155007265506458 46.770443434438846 0.59717956787198789 0.40883289140015322 8.5300349891185743 11.820177018740194 0.15215148590505023 0.81924211922705581 102.74184763780477 163.61338685231033 44.958682020931747 96.703705248015467 256.9113430606667 13.303984481654423 281.37826947771123 67.059239764123049 253.54821268056764 475.30011458157969 13.549289947724899 6.7994722753101078 7.3399791166947832 433.67235552733871 28.668018241924365 3.2765858113416471 3.2814055312192059 11.076426751271354 23.168692433666365 2.6665559126995504 34.903538618294988
leaf_count=1206710 824 163 85383 42 230 65 7237 105 535 2174 34129 8946 808 164090 17579 269944 40936 172269 13354 76 467 1249 17630 17655 4275 5117 7561 11120 222 18288
internal_value=-0.00561693 3.23931e-05 -0.0120564 -0.00797149 -0.368542 -0.0443852 0.00305401 0.00348328 0.309536 0.00333057 0.0046423 0.000534943 0.00651001 -0.00647937 0.0125372 -0.00715085 -0.0114383 -0.0101775 0.013993 0.00737804 0.0153818 0.0124331 0.00818315 -0.0206438 0.03645 0.0305543 0.00612054 0.0190524 0.096368 0.0136177
internal_weight=2806.26 2449.34 489.793 443.023 1.00601 356.918 1959.54 1947.72 0.971394 1946.75 1844.01 1207.44 652.023 555.418 585.308 442.017 379.863 510.46 572.004 98.4844 84.9351 636.57 472.957 39.2846 10.6166 11.8114 78.1357 62.1543 4.08206 58.0722
internal_count=2109183 897291 434432 349049 272 1211892 462859 455622 640 454982 452808 377870 32565 345305 31741 348777 318984 336359 14162 49040 48964 74938 40809 23179 5524 5182 48497 29793 385 29408
cat_boundaries=0 1 2 3
cat_threshold=1 2 1
is_linear=0
shrinkage=0.05


Tree=42
num_leaves=31
num_cat=3
split_feature=4 2 6 2 10 6 0 2 6 9 2 2 7 6 8 9 10 2 2 2 2 2 0 10 8 2 2 6 0 2
split_gain=204.603 42.0661 40.5237 23.2352 24.7598 15.0891 13.0942 11.3776 10.7197 10.6425 10.5249 10.8225 8.93874 20.3063 20.9542 10.6242 8.92318 8.46187 11.7317 10.0167 8.04678 11.8458 33.0001 15.1962 10.6865 10.5322 9.30876 8.15111 15.3938 53.2918
threshold=1.0000000180025095e-35 9.5000000000000018 1766.1750000000002 21.500000000000004 13.500000000000002 2515258.9700000002 0 10.500000000000002 227980.83000000005 1.0000000180025095e-35 2.5000000000000004 7.5000000000000009 3.5000000000000004 563435.31000000017 902744.58000000019 6.5000000000000009 7.5000000000000009 12.500000000000002 15.500000000000002 13.500000000000002 1.5000000000000002 6.5000000000000009 1 10.500000000000002 288426.12000000005 2.5000000000000004 8.5000000000000018 122527.62000000001 2 1.0000000180025095e-35
decision_type=2 2 2 2 8 2 1 2 2 2 2 2 2 2 2 2 10 2 2 2 2 2 1 10 2 2 2 2 1 2
left_child=1 5 7 4 -3 20 8 -2 16 -8 -7 -12 -10 14 -14 -15 -5 -9 19 -19 27 22 23 25 -23 -22 -26 28 29 -1
right_child=2 3 -4 6 -6 10 9 17 12 -11 11 -13 13 15 -16 -17 -18 18 -20 -21 21 24 -24 -25 26 -27 -28 -29 -30 -31
leaf_value=0.1055124463045974 0.35962515269221351 -0.020351827424228662 -0.049193393035476381 0.027721005592384031 -0.0037797239879652058 0.011974365429553015 0.0064003171262464369 -0.057432768585014754 0.0025371492176374652 -0.050088813301738949 -0.095446065603844749 -0.012253040847420014 0.087569773079557101 0.19073459155454819 0.66308015097680939 -0.013947398125478946 0.080282353534889661 0.1069935234755858 0.0465208609056567 0.48953503247786312 0.010485307697805301 0.0088001971274325411 0.052540586745515899 0.034124089908382754 0.11964387256096908 -0.057058190190325431 0.028139113387845485 0.026550773491411675 0.0098274986417773592 -0.060074722863174584
leaf_weight=5.8982171812280049 0.48790241047367944 262.96025482220296 265.20171170125866 18.976075750189963 1577.4684500081662 11.427853171459219 107.46997174256757 0.6612368050954277 33.704031396327181 9.0391587424104198 7.3329478406394193 8.3729325078152073 0.36294825928052787 0.82377026393078301 0.2803167118690908 2.7517285558753031 14.055690303694886 0.31793125299009251 1.0342990737408397 0.37058886533486657 9.6839648434218066 213.55289563924265 68.681243902380501 15.211210033320397 3.9142685684315639 14.285772810206863 9.5859026827405103 30.542673627253279 75.591876945062722 27.578098012600904
leaf_count=695 180 346999 1003756 5397 666456 1174 1883 198 10749 6989 152 6062 161 301 115 1145 3519 115 455 173 157 37829 694 337 553 218 8326 3365 1127 236
internal_value=-0.0056343 -0.00123244 -0.0471704 -0.00443942 -0.00614754 0.0117314 0.0123301 0.139638 0.0292634 0.00201771 -0.0245323 -0.0510952 0.0111255 0.0797385 0.338361 0.0332099 0.0500869 0.0946172 0.152976 0.312893 0.0138049 0.0180088 0.0316519 -0.00496446 0.0115275 -0.0297701 0.0546702 0.00372034 -0.00267294 -0.0308998
internal_weight=2797.63 2529.55 268.074 2027.89 1840.43 501.66 187.464 2.87196 70.9546 116.509 27.1337 15.7059 37.9228 4.21876 0.643265 3.5755 33.0318 2.38406 1.72282 0.68852 474.526 334.915 107.862 39.1809 227.053 23.9697 13.5002 139.611 109.068 33.4763
internal_count=2109516 1104639 1004877 1043714 1013455 60925 30259 1121 21387 8872 7388 6214 12471 1722 276 1446 8916 941 743 288 53537 48114 1406 712 46708 375 8879 5423 2058 931
cat_boundaries=0 1 2 3
cat_threshold=1 1 1
is_linear=0
shrinkage=0.05


Tree=43
num_leaves=31
num_cat=0
split_feature=3 2 1 2 1 1 1 6 1 1 2 6 10 8 6 1 2 2 6 10 1 10 8 8 1 9 2 2 1 2
split_gain=214.78 34.0194 25.3317 20.4855 42.8334 23.6169 20.4003 23.9904 47.3779 274.355 456.584 196.625 204.41 103.192 40.4762 24.4301 21.2397 17.0716 16.1673 12.4623 13.2593 12.077 11.3644 59.6251 11.0506 17.5824 11.0291 38.8199 24.5032 10.6296
threshold=1.0000000180025095e-35 9.5000000000000018 15.402690112946253 19.500000000000004 14.171092201576798 12.069899022406306 14.910553791267974 1766.1750000000002 13.806965179278382 13.874745427417059 12.500000000000002 698800.29500000004 42.500000000000007 475339.69000000006 21380.810000000001 10.699817140828189 17.500000000000004 22.500000000000004 36529.500000000007 117.50000000000001 10.857820900031909 2.5000000000000004 446633.4250000001 625538.88000000012 7.2317028477503777 29.500000000000004 14.500000000000002 12.500000000000002 15.402690112946253 1.5000000000000002
decision_type=2 2 2 2 2 2 2 2 2 2 2 2 8 2 2 2 2 2 2 10 2 10 2 2 2 2 2 2 2 2
left_child=2 18 24 6 5 17 7 -3 15 10 11 12 -10 -13 -12 -9 26 -5 29 -17 -21 -20 -16 -24 25 -1 27 -8 -29 -2
right_child=1 3 -4 4 -6 -7 16 8 9 -11 14 13 -14 -15 22 19 -18 -19 21 20 -22 -23 23 -25 -26 -27 -28 28 -30 -31
leaf_value=0.044934428320917055 0.0026075352620384962 0.00022855639670546382 0.030068184236543068 -0.017008144414399743 0.071422252961082802 0.013693998655472628 -0.028550190555646754 0.017335040547353572 -3.4243505013038558 -0.057783148255599076 -2.5035032401854744 -0.050010607961087819 -8.8970012931156006 -4.2891908600277295 -0.049970493936521906 -0.017015318326686412 0.062524230100168859 0.022090821118639484 -0.03101502689816393 0.43827541859597691 0.031623821635624272 0.004184472664800586 -3.7551016215963333 -0.049848057294384684 -0.047553372413053241 1.0299768472277846 -0.040862976352196767 0.036094712796172899 0.23433855547718396 0.02204997508361875
leaf_weight=2.1063597627056647 98.009249073190716 860.21332416224084 11.099428243993314 166.0371115816188 23.381928864548343 206.18768634617689 47.989945986389714 63.672299595142192 0.043346243863218059 6.4003038696597869 0.020365756819956005 0.036820120965785463 0.028139212914766176 0.023529359599706368 0.25314427543821694 437.13950317347189 6.6460725457331753 33.561018494845712 30.960365622131775 0.20475997170433302 9.5332748246146348 114.44919557036113 0.013492694837623276 0.055594904311874416 314.39366218663247 0.046296714193886035 80.374370821149313 5.4388628484512074 2.1848544101027443 248.6562455237528
leaf_count=7671 1270 202763 5262 65109 1234 49785 2380 30815 236 23194 83 268 153 197 1237 453489 107 4128 6395 129 6833 26363 100 415 1198231 174 3513 314 110 16657
internal_value=-0.00616501 -0.00106389 -0.044177 -0.00402916 0.00561769 0.00182594 -0.00675244 -0.00488875 -0.0133962 -0.143781 -1.30392 -3.80438 -5.57858 -1.7028 -0.341722 -0.0116406 -0.0247529 -0.0104339 0.0106835 -0.0157691 0.0401744 -0.00331015 -0.205093 -0.773478 -0.0467803 0.0661195 -0.0290183 -0.0119002 0.0929087 0.0165532
internal_weight=2769.16 2441.51 327.646 1949.44 429.168 405.786 1520.27 1377.64 517.425 6.87474 0.474433 0.131835 0.0714855 0.0603495 0.342598 510.55 142.634 199.598 492.075 446.878 9.73803 145.41 0.322232 0.0690876 316.546 2.15266 135.988 55.6137 7.62372 346.665
internal_count=2108615 897277 1211338 846592 120256 119022 726336 719912 517149 25883 2689 854 389 465 1835 491266 6424 69237 50685 460451 6962 32758 1752 515 1206076 7845 6317 2804 424 17927
is_linear=0
shrinkage=0.05


Tree=44
num_leaves=31
num_cat=4
split_feature=3 2 1 1 6 0 1 10 1 2 1 0 2 0 2 9 1 2 1 1 1 1 2 2 2 2 1 1 0 1
split_gain=220.463 38.6903 31.1898 27.4702 21.4251 28.0198 69.8067 27.8336 24.1705 33.808 16.8703 26.4494 15.7093 15.4338 31.0954 30.1881 20.572 68.1942 18.5099 16.6714 15.127 13.7539 41.2273 23.5416 20.5634 13.0272 12.7049 12.6805 12.3002 11.1088
threshold=1.0000000180025095e-35 8.5000000000000018 14.510441449307644 15.402690112946253 172494.36000000002 0 13.806965179278382 19.500000000000004 15.402690112946253 17.500000000000004 10.833472686578908 1 14.500000000000002 2 20.500000000000004 1.0000000180025095e-35 12.961867552988101 17.500000000000004 13.745606063811632 13.092960673457696 9.1701124705576369 13.311574132126013 10.500000000000002 11.500000000000002 17.500000000000004 10.500000000000002 14.510441449307644 9.9233301300132108 3 13.311574132126013
decision_type=2 2 2 2 2 1 2 8 2 2 2 1 2 1 2 2 2 2 2 2 2 2 2 2 2 2 2 2 1 2
left_child=3 2 20 26 8 6 27 -8 10 12 11 -3 25 14 16 21 -12 18 -18 -16 -2 22 -15 -23 -24 -10 -1 -6 -28 -19
right_child=1 4 -4 -5 5 -7 7 -9 9 -11 13 -13 -14 15 19 -17 17 29 -20 -21 -22 23 24 -25 -26 -27 28 -29 -30 -31
leaf_value=-0.047180997163527645 0.10039222668059736 0.012895331311957256 0.065557934261927853 0.032351461664162147 0.026046770066021664 -0.050031960769288931 -0.75666737213766888 -0.13440510214685472 -0.030155379737020177 0.082190229940798859 -0.014374493340462228 -0.023560051546469427 -0.045505117212726223 0.063290603007285604 0.028118848984415124 -0.050051147520501896 0.0070127905323982805 0.11315650376188602 -0.089328463576151526 0.14975643582977202 0.0090423411279578775 -0.016919061478993528 0.021988380138595068 0.010281079612665842 -0.00037024940402716867 0.051182109069108576 -0.30705300571329697 -0.0098309964364221292 -0.050072827072086962 0.24124239952280213
leaf_weight=299.92602295898104 4.5951598899439992 74.454774984333511 27.65338594438623 11.028502296307122 26.156528301537492 44.738911684501545 0.42682730289914572 0.31038705426510149 11.370661847524305 6.7946752855891779 311.05521158454917 149.97620232734121 65.665849379155063 39.83248907816602 37.561841870599935 22.324222763849775 60.318481957074297 4.5856635438394724 5.4348278562069785 3.0453138222936351 329.07221371348408 116.20109035527122 192.24332832900109 252.19790595030145 221.11762600450311 8.6811204575125469 0.92846160400251398 421.40589351282688 0.9341238220890693 2.6833393153542318
leaf_count=1193842 100 32998 424 5226 7510 93631 114 127 175 59 277647 2179 1336 1411 12476 36234 21184 1789 117 66 9681 4977 8257 11927 7427 121 17 364906 12221 127
internal_value=-0.00563869 -0.000572099 0.0145295 -0.045157 -0.00319721 -0.0123005 -0.00853498 -0.494678 -0.000366474 -0.0251669 0.00117023 -0.011466 -0.0336769 0.00340573 -0.00436856 0.00731799 -0.00876779 0.0151152 -0.000950278 0.037241 0.0103004 0.00887682 0.0147096 0.00170156 0.0100282 0.00505847 -0.0479895 -0.00773422 -0.178172 0.160439
internal_weight=2752.72 2439.9 361.321 312.817 2078.58 493.039 448.3 0.737214 1585.54 92.5123 1493.03 224.431 85.7176 1268.6 424.685 843.917 384.078 73.0223 65.7533 40.6072 333.667 821.592 453.193 368.399 413.361 20.0518 301.789 447.562 1.86259 7.269
internal_count=2108306 897000 10205 1211306 886795 466288 372657 241 420507 1691 418816 35177 1632 383639 313406 70233 300864 23217 21301 12542 9781 33999 17095 16904 15684 296 1206080 372416 12238 1916
cat_boundaries=0 1 2 3 4
cat_threshold=1 1 1 1
is_linear=0
shrinkage=0.05


Tree=45
num_leaves=31
num_cat=4
split_feature=3 2 1 1 0 1 2 10 1 2 2 2 1 5 0 1 10 1 10 1 9 1 2 1 0 0 9 1 1 10
split_gain=210.44 30.9909 41.1993 24.7207 21.6435 20.7242 45.1394 19.5129 13.5344 23.3161 15.688 22.2443 13.7588 14.5448 13.6615 28.8114 21.706 18.1632 14.9224 12.9556 11.5735 11.2602 11.1764 10.9098 11.235 10.4854 23.6031 14.182 13.3254 15.09
threshold=1.0000000180025095e-35 8.5000000000000018 13.472774303176271 15.402690112946253 0 14.910553791267974 17.500000000000004 7.5000000000000009 12.767272962851626 13.500000000000002 16.500000000000004 22.500000000000004 13.575949301614788 1.0000000180025095e-35 1 11.413288538271742 71.500000000000014 10.833472686578908 70.500000000000014 9.1701124705576369 1.0000000180025095e-35 7.9333074112982738 6.5000000000000009 14.510441449307644 2 3 1.0000000180025095e-35 14.171092201576798 13.278762481912418 20.500000000000004
decision_type=2 2 2 2 1 2 2 8 2 2 2 2 2 2 1 2 8 2 8 2 2 2 2 2 1 1 2 2 2 8
left_child=3 2 19 23 -4 7 -7 -3 10 12 14 -12 -10 -14 17 16 18 -9 -16 -2 -19 -18 -6 -1 -25 28 27 -27 -11 -30
right_child=1 5 4 -5 22 6 -8 8 9 25 11 -13 13 -15 15 -17 21 20 -20 -21 -22 -23 -24 24 -26 26 -28 -29 29 -31
leaf_value=-0.046521801343846828 0.079486496647858784 -0.014563918711208493 0.13065278168900973 0.028342302038795498 0.055113538689289955 -0.027416713292069319 0.072891309967544768 -0.0087560366438406909 0.0081821511718970265 0.018607379630618471 -0.011978029015861393 0.024475562508842752 -0.050539344361892294 -0.0077578538922463032 0.040383827653248529 -0.013375171789112534 0.11796482443941723 0.024267391027987781 0.36157862080710385 0.0039513384065807877 -0.050027142763363036 -0.010524655471119714 0.010865385291993115 -0.30808738842701039 -0.050069202102360877 0.0078200664795013679 -0.050054576311734149 0.035968996308030625 0.19618980424321311 0.051266591298382971
leaf_weight=286.32013826677417 5.786718611838011 231.55821040543472 7.1510012201057975 11.231451926752923 38.530029152490897 146.73547400144867 12.143860428044489 69.575860171415798 119.3921796248469 58.512842767697308 471.55087756826504 45.923860766575672 23.710645322200946 122.56239725893829 48.609544846928316 218.09162196423858 1.7756612938828755 156.75495837873314 0.3643200759543096 298.7240100313785 5.423271378473145 42.90823490236653 22.666162166395225 0.81138051152770496 0.87893184302692895 201.32274813767799 15.189296504520369 57.533190752059454 1.9742717652069384 19.913639688700002
leaf_count=1194427 101 258105 340 5181 612 7026 409 1433 53064 28492 193489 4587 17297 7021 31633 201750 167 5300 192 8602 10617 25653 565 19 12225 12516 24776 1666 264 1813
internal_value=-0.00485432 -9.27073e-06 0.0132609 -0.0444316 0.0483429 -0.00239779 -0.0197497 -0.000956405 0.000917934 0.00678624 -0.00251192 -0.00874292 -0.00441253 -0.0146927 0.00342066 -0.00341419 0.019781 0.0126147 0.0427732 0.00538676 0.021783 -0.0054187 0.0387247 -0.0472695 -0.173923 0.01518 0.0105219 0.0140764 0.031057 0.0643385
internal_weight=2743.63 2444.38 372.858 299.242 68.3472 2071.53 158.879 1912.65 1681.09 620.111 1060.98 517.475 265.665 146.273 543.503 311.749 93.6578 231.754 48.9739 304.511 162.178 44.6839 61.1962 288.01 1.69031 354.446 274.045 258.856 80.4008 21.8879
internal_count=2109342 897490 10220 1211852 1517 887270 7435 879835 621730 146909 474821 198076 77382 24318 276745 259395 57645 17350 31825 8703 15917 25820 1177 1206671 12244 69527 38958 14182 30569 2077
cat_boundaries=0 1 2 3 4
cat_threshold=1 2 1 1
is_linear=0
shrinkage=0.05


Tree=46
num_leaves=31
num_cat=0
split_feature=3 6 10 1 4 1 6 1 1 1 8 9 1 6 1 1 1 7 1 6 8 9 1 8 4 6 10 6 9 10
split_gain=185.484 28.3223 23.8422 23.5161 19.0226 17.1545 57.9484 18.4964 18.0802 16.5876 14.6067 24.4654 14.1328 16.1156 13.3994 11.9067 13.3204 17.2425 9.95933 9.62799 13.0047 20.4092 30.8825 28.4223 8.40724 16.529 11.8003 23.5178 7.93851 14.0117
threshold=1.0000000180025095e-35 45226.780000000006 10.500000000000002 12.528883868973992 1.0000000180025095e-35 7.2317028477503777 4977.0500000000011 11.454387199572333 11.714175042847431 15.402690112946253 234616.54500000001 2.5000000000000004 7.9333074112982738 432285.19500000001 12.961867552988101 13.687448938718529 13.521582412180257 15.500000000000002 7.2317028477503777 467990.78000000009 396378.26000000007 2.5000000000000004 13.246392059414136 464072.0400000001 1.0000000180025095e-35 7881958.1400000015 70.500000000000014 172494.36000000002 1.5000000000000002 135.50000000000003
decision_type=2 2 8 2 2 2 2 2 2 2 2 2 2 2 2 2 2 2 2 2 2 2 2 2 2 2 10 2 2 10
left_child=1 3 12 4 -1 6 -6 -7 -9 14 -5 -12 13 -2 -4 16 -14 -18 24 20 -16 22 -22 -24 -3 26 -26 -28 -21 -30
right_child=2 18 9 10 5 7 -8 8 -10 -11 11 -13 15 -15 19 -17 17 -19 -20 28 21 -23 23 -25 25 -27 27 -29 29 -31
leaf_value=-0.050018994793616448 0.21267632337880241 -0.050015439233855929 -0.0006190570483479307 0.048688030858608046 2.0358824290633413 -0.028341486582440036 -0.050012005445406939 0.6226735685027408 0.11897827787433971 -0.019519112100615618 -0.050281289094519045 0.78367491474280881 -0.014399473267124738 -0.003495237737862312 0.0092868459879096848 -0.060429509645854154 0.045715298929533743 0.56928514633078986 -0.0495139646299457 -0.077982900570689656 -0.050098410868452903 0.040626095481368675 1.1667054558202126 0.24409835590242737 0.08055904227154681 1.1550810970323786 2.0015588651045819 -0.050011949892097465 -0.0092297557340238739 0.26448838296987937
leaf_weight=18.599174529434638 1.4620926838822463 0.71942682808733482 1360.4799151738598 10.957589747667949 0.047939293639501002 2.3019423209066194 0.10900871024932712 0.22294205584330462 0.88693172480270732 91.421333294231772 0.17207620912813659 0.17987166068633087 274.58547484043396 2.101171066518873 626.55525243242982 13.734050746124522 6.1404760494024222 0.16138326344662335 252.06539336413778 4.2296390753580431 0.2349751143192188 1.6073959135138691 0.16433657676750357 0.16965533200709615 0.76586144921020605 0.041490236093522981 0.024371569306822494 0.032727004872867838 49.810853413141309 0.47197620073711632
leaf_count=58747 111 2541 504373 3286 62 7520 455 122 500 2928 176 194 263658 156 69308 15418 4026 109 1134211 2290 160 1247 124 114 3112 121 102 137 33056 124
internal_value=-0.00501639 -0.0430236 -0.000531643 0.000201701 -0.0297303 0.0760073 0.587118 0.0524956 0.220156 0.00131793 0.0588717 0.375933 -0.0137755 0.0852051 0.00225003 -0.0149726 -0.0127499 0.0591233 -0.0487286 0.00796296 0.00971066 0.131722 0.389079 0.698056 0.0762582 0.181348 0.132256 0.825667 -0.0121944 -0.00666052
internal_weight=2720.46 287.127 2433.33 33.4775 22.1679 3.56876 0.156948 3.41182 1.10987 2135.15 11.3095 0.351948 298.185 3.56326 2043.72 294.621 280.887 6.30186 253.649 683.244 628.732 2.17636 0.568967 0.333992 1.58388 0.86445 0.82296 0.0570986 54.5125 50.2828
internal_count=2108488 1211286 897202 71062 67406 8659 517 8142 622 613724 3656 370 283478 267 610796 283211 267793 4135 1140224 106423 70953 1645 398 238 6013 3472 3351 239 35470 33180
is_linear=0
shrinkage=0.05


Tree=47
num_leaves=31
num_cat=0
split_feature=3 1 2 1 2 10 6 2 2 1 2 2 1 2 2 1 1 1 2 2 1 2 1 6 2 8 8 1 8 6
split_gain=169.414 710.029 27.2554 24.9633 18.6003 15.1961 13.8135 16.689 21.8392 13.669 21.7607 19.1319 11.496 30.5178 13.0418 13.6265 11.0241 23.1008 18.6827 18.3343 18.6753 21.8913 14.205 12.4129 10.8488 10.2309 12.4945 15.3397 9.6458 15.1392
threshold=1.0000000180025095e-35 1.0000000180025095e-35 9.5000000000000018 15.402690112946253 22.500000000000004 4.5000000000000009 538015.53000000014 2.5000000000000004 7.5000000000000009 15.402690112946253 17.500000000000004 14.500000000000002 12.69887673251465 13.500000000000002 17.500000000000004 12.510629681495423 12.346973222018718 11.767784365286163 2.5000000000000004 6.5000000000000009 12.383492374638482 8.5000000000000018 13.575949301614788 87400.385000000024 10.500000000000002 104689.59500000002 146107.14500000005 12.805180373566456 2819326.2100000004 5863460.8550000014
decision_type=2 2 2 2 2 8 2 2 2 2 2 2 2 2 2 2 2 2 2 2 2 2 2 2 2 2 2 2 2 2
left_child=1 -1 6 -3 5 -4 16 -8 -9 12 11 24 14 -14 15 28 17 -2 23 22 21 -21 -18 -19 -11 -22 27 -27 -7 -30
right_child=2 3 4 -5 -6 9 7 8 -10 10 -12 -13 13 -15 -16 -17 19 18 -20 20 25 -23 -24 -25 -26 26 -28 -29 29 -31
leaf_value=7.0656906183032877 0.017172590374168736 -0.046529440987120058 -0.018973384775037239 0.030581218123608631 0.01937081029054297 0.0016336435050528534 0.016592320675230116 -0.080108496949785779 -0.0045661507974242158 -0.030755862243843624 0.079004247341271816 -0.043406611303362055 -0.01038997431291519 0.011537425103457673 -0.012673729619575981 -0.023986996644302028 0.0225089934237316 -0.060475553258164984 0.004060472853637853 -0.010367991600826439 0.0025086614922008393 0.30849584415935666 0.063661152529400231 0.027236867649751962 0.052586140846513307 0.41184965955742447 0.035874137984650258 0.034559708427417943 0.35074267425277794 -0.050052584467572603
leaf_weight=0.035126600298325594 130.88541505922382 263.90660829717558 172.46140131124534 10.930462050717322 82.88635669654559 477.49022389745153 32.11211666612752 14.818327099797004 27.000046665322696 6.6612970687092625 4.8559641821740192 58.936426339316142 266.14589771623872 392.97424814163838 406.78512879096536 56.63530003032065 54.875306897301002 26.530573769821789 41.381751692767978 1.0420339137490506 115.32159006929309 1.1134150418802164 33.939216321416964 4.7567679023486553 9.4360623881225916 0.53888488415395996 5.1072602680235351 0.53873916979318892 0.49900995113421132 0.44637257131398655
leaf_count=5 8947 1206506 206195 5234 8760 242909 2694 334 14538 227 85 2323 75511 89628 180839 39777 1029 410 7118 52 11037 504 434 402 285 214 2521 248 561 493
internal_value=-0.00535149 -0.0425542 -0.00113663 -0.0434627 -0.0038025 -0.00483888 0.00939827 -0.0105173 -0.0313346 -0.00338865 -0.0235732 -0.0302117 -0.00238142 0.00268337 -0.00592582 -0.000795745 0.0129373 0.00462176 -0.0179837 0.0209038 0.0084566 0.154344 0.0382347 -0.0471402 0.0180981 0.00586866 0.0685181 0.22323 0.00194954 0.161503
internal_weight=2701.05 274.872 2426.18 274.837 1936.21 1853.33 489.961 73.9305 41.8184 1680.87 79.8897 75.0338 1600.98 659.12 941.856 535.071 416.031 203.555 72.6691 212.476 123.662 2.15545 88.8145 31.2873 16.0974 121.506 6.18488 1.07762 478.436 0.945383
internal_count=2109820 1211745 898075 1211740 847593 838833 50482 17566 14872 632638 2920 2835 629718 165139 464579 283740 32916 16877 7930 16039 14576 556 1463 812 512 14020 2983 462 243963 1054
is_linear=0
shrinkage=0.05


Tree=48
num_leaves=31
num_cat=3
split_feature=3 2 6 2 0 4 2 0 10 10 9 6 6 2 6 10 6 9 6 6 2 0 2 2 8 2 2 10 6 10
split_gain=176.777 28.6043 21.8989 17.6788 13.8503 13.7235 52.6054 16.9759 12.8109 11.745 8.94758 8.815 8.809 9.18381 8.63486 8.82432 8.34986 16.2882 11.0133 15.3957 13.327 18.152 9.82726 12.5241 15.074 9.82042 7.92976 7.35607 7.97127 7.89
threshold=1.0000000180025095e-35 8.5000000000000018 45226.780000000006 21.500000000000004 0 1.0000000180025095e-35 8.5000000000000018 1 4.5000000000000009 2.5000000000000004 1.0000000180025095e-35 227980.83000000005 9237887.8600000013 1.5000000000000002 49536.310000000005 1.5000000000000002 412202.27000000008 16.500000000000004 163428.36000000002 32497.530000000002 6.5000000000000009 2 2.5000000000000004 4.5000000000000009 365822.37000000005 5.5000000000000009 7.5000000000000009 51.500000000000007 21380.810000000001 59.500000000000007
decision_type=2 2 2 2 1 2 2 1 8 8 2 2 2 2 2 8 2 2 2 2 2 1 2 2 2 2 2 10 2 8
left_child=2 9 5 8 11 7 -7 -1 -3 -2 -6 14 13 -11 27 -16 18 22 19 20 -15 -22 -18 -24 -25 -20 -23 -5 29 -29
right_child=1 3 -4 4 10 6 -8 -9 -10 12 -12 -13 -14 16 15 -17 17 -19 25 -21 21 26 23 24 -26 -27 -28 28 -30 -31
leaf_value=-0.050014800999117252 -0.033345617923310637 -0.01793879156904684 -0.049157026895950341 0.014583326479177584 0.0047042293840838124 1.0328988059620339 0.04449091206833234 0.034697353197303514 -0.0031776748547458263 0.0050662880465860358 -0.050086281326137128 0.011926418274124974 -0.057005824434794516 0.04272422854308313 0.26506708825248892 0.070814816509069164 0.039203039129438698 0.077120557210227217 0.033218543658402287 -0.027430509082115757 0.0013975434447879435 0.12723858290684648 -0.12860938244786754 -0.05271695646704791 0.069520891292169498 0.13331812114045308 0.042190215959450938 0.25629518243797555 -0.052636513321826145 0.078720509549532067
leaf_weight=16.071921232047529 13.608719797701516 160.76697779556315 231.7064445000201 18.252427128179718 107.47301657602657 0.13848757964478764 4.815720204227091 9.3571375242288664 1714.9569478988965 141.05258323038493 8.0064507007189984 37.346166193800187 4.3143292840027234 72.220568879878982 0.61531502543948469 11.727573820653687 4.7538144228594019 4.9094819658163287 5.6640819767733523 14.160005853231324 65.59580289546102 3.4389188900771197 3.3534941069313122 9.4673267874711673 3.4379207153459115 4.3182511657194373 13.499730520733422 0.81443656739064729 0.82703614302982842 2.6970435921207354
leaf_count=57573 1251 203792 1140995 3716 1629 234 8902 4180 658979 4894 6183 9678 189 677 89 2277 148 108 110 567 694 76 61 440 53 242 704 149 121 429
internal_value=-0.00491188 -0.000699547 -0.0439234 -0.0029786 0.0116492 -0.00401098 0.0721204 -0.0188432 -0.00444284 0.0122275 0.00090548 0.0288142 0.0139985 0.0148842 0.0468681 0.0804986 0.0216455 -0.00487563 0.0254883 0.0224725 0.0270386 0.0133131 -0.0240336 -0.0425231 -0.0201531 0.0765206 0.0594569 0.0284936 0.0870151 0.119906
internal_weight=2689.37 2427.28 262.09 2063.48 187.759 30.3833 4.95421 25.4291 1875.72 363.795 115.479 72.28 350.186 345.872 34.9338 12.3429 204.819 25.922 178.897 168.915 154.755 82.5345 21.0126 16.2587 12.9052 9.98233 16.9386 22.5909 4.33852 3.51148
internal_count=2109140 897256 1211884 887042 24271 70889 9136 61753 862771 10214 7812 16459 8963 8774 6781 2366 3880 810 3070 2718 2151 1474 702 554 493 352 780 4415 699 578
cat_boundaries=0 1 2 3
cat_threshold=1 1 2
is_linear=0
shrinkage=0.05


end of trees

feature_importances:
log_amount=499
hour_of_day=307
hours_since_prev_dest_txn=164
type=132
old_balance_dest=123
dest_prior_txn_count=66
empties_orig_account=57
dest_amount_sum_24h=43
orig_balance_zero=30
dest_balance_zero=27
dest_txn_count_24h=22

parameters:
[boosting: gbdt]
[objective: binary]
[metric: average_precision,binary_logloss]
[tree_learner: serial]
[device_type: cpu]
[data_sample_strategy: bagging]
[data: ]
[valid: ]
[num_iterations: 2000]
[learning_rate: 0.05]
[num_leaves: 31]
[num_threads: 12]
[seed: 42]
[deterministic: 0]
[force_col_wise: 0]
[force_row_wise: 0]
[histogram_pool_size: -1]
[max_depth: -1]
[min_data_in_leaf: 100]
[min_sum_hessian_in_leaf: 0.001]
[bagging_fraction: 0.8]
[pos_bagging_fraction: 1]
[neg_bagging_fraction: 1]
[bagging_freq: 1]
[bagging_seed: 400]
[bagging_by_query: 0]
[feature_fraction: 0.8]
[feature_fraction_bynode: 1]
[feature_fraction_seed: 30056]
[extra_trees: 0]
[extra_seed: 12879]
[early_stopping_round: 0]
[early_stopping_min_delta: 0]
[first_metric_only: 0]
[max_delta_step: 0]
[lambda_l1: 0]
[lambda_l2: 0]
[linear_lambda: 0]
[min_gain_to_split: 0]
[drop_rate: 0.1]
[max_drop: 50]
[skip_drop: 0.5]
[xgboost_dart_mode: 0]
[uniform_drop: 0]
[drop_seed: 17869]
[top_rate: 0.2]
[other_rate: 0.1]
[min_data_per_group: 100]
[max_cat_threshold: 32]
[cat_l2: 10]
[cat_smooth: 10]
[max_cat_to_onehot: 4]
[top_k: 20]
[monotone_constraints: ]
[monotone_constraints_method: basic]
[monotone_penalty: 0]
[feature_contri: ]
[forcedsplits_filename: ]
[refit_decay_rate: 0.9]
[cegb_tradeoff: 1]
[cegb_penalty_split: 0]
[cegb_penalty_feature_lazy: ]
[cegb_penalty_feature_coupled: ]
[path_smooth: 0]
[interaction_constraints: ]
[verbosity: -1]
[saved_feature_importance_type: 0]
[use_quantized_grad: 0]
[num_grad_quant_bins: 4]
[quant_train_renew_leaf: 0]
[stochastic_rounding: 1]
[linear_tree: 0]
[max_bin: 255]
[max_bin_by_feature: ]
[min_data_in_bin: 3]
[bin_construct_sample_cnt: 200000]
[data_random_seed: 175]
[is_enable_sparse: 1]
[enable_bundle: 1]
[use_missing: 1]
[zero_as_missing: 0]
[feature_pre_filter: 1]
[pre_partition: 0]
[two_round: 0]
[header: 0]
[label_column: ]
[weight_column: ]
[group_column: ]
[ignore_column: ]
[categorical_feature: 0]
[forcedbins_filename: ]
[precise_float_parser: 0]
[parser_config_file: ]
[objective_seed: 16083]
[num_class: 1]
[is_unbalance: 0]
[scale_pos_weight: 1]
[sigmoid: 1]
[boost_from_average: 1]
[reg_sqrt: 0]
[alpha: 0.9]
[fair_c: 1]
[poisson_max_delta_step: 0.7]
[tweedie_variance_power: 1.5]
[lambdarank_truncation_level: 30]
[lambdarank_norm: 1]
[label_gain: ]
[lambdarank_position_bias_regularization: 0]
[eval_at: ]
[multi_error_top_k: 1]
[auc_mu_weights: ]
[num_machines: 1]
[local_listen_port: 12400]
[time_out: 120]
[machine_list_filename: ]
[machines: ]
[gpu_platform_id: -1]
[gpu_device_id: -1]
[gpu_device_id_list: ]
[gpu_use_dp: 0]
[num_gpu: 1]

end of parameters

pandas_categorical:[["CASH_OUT", "TRANSFER"]]
